age,sex,cp,trestbps,fbs,restecg,thalach,exang,oldpeak,slope,target,cohort
63,1,4,140.0,0.0,1,112.0,1.0,3.0,2.0,1,VA Long Beach
44,1,4,130.0,0.0,1,127.0,0.0,0.0,,0,VA Long Beach
60,1,4,132.0,0.0,1,140.0,1.0,1.5,3.0,1,VA Long Beach
55,1,4,142.0,0.0,1,149.0,1.0,2.5,1.0,1,VA Long Beach
66,1,3,110.0,1.0,2,99.0,1.0,1.3,2.0,0,VA Long Beach
66,1,3,120.0,0.0,1,120.0,0.0,-0.5,1.0,0,VA Long Beach
65,1,4,150.0,1.0,1,105.0,1.0,0.0,,1,VA Long Beach
60,1,3,180.0,0.0,1,140.0,1.0,1.5,2.0,0,VA Long Beach
60,1,3,120.0,,0,141.0,1.0,2.0,1.0,1,VA Long Beach
60,1,2,160.0,1.0,1,157.0,0.0,0.5,2.0,1,VA Long Beach
56,1,2,126.0,0.0,1,140.0,0.0,0.0,,0,VA Long Beach
59,1,4,140.0,0.0,1,117.0,1.0,1.0,2.0,1,VA Long Beach
62,1,4,110.0,0.0,0,120.0,1.0,0.5,2.0,1,VA Long Beach
63,1,3,,0.0,2,,,,,1,VA Long Beach
57,1,4,128.0,1.0,1,148.0,1.0,1.0,2.0,1,VA Long Beach
62,1,4,120.0,0.0,1,86.0,0.0,0.0,,0,VA Long Beach
63,1,4,170.0,0.0,0,84.0,1.0,2.5,3.0,1,VA Long Beach
46,1,4,110.0,0.0,0,125.0,1.0,2.0,2.0,1,VA Long Beach
63,1,4,126.0,0.0,1,120.0,0.0,1.5,3.0,0,VA Long Beach
60,1,4,152.0,0.0,1,118.0,1.0,0.0,,0,VA Long Beach
58,1,4,116.0,0.0,0,124.0,0.0,1.0,1.0,1,VA Long Beach
64,1,4,120.0,1.0,1,106.0,0.0,2.0,2.0,1,VA Long Beach
63,1,3,130.0,0.0,1,111.0,1.0,0.0,,1,VA Long Beach
74,1,3,,0.0,0,,,,,0,VA Long Beach
52,1,3,128.0,0.0,1,180.0,0.0,3.0,1.0,1,VA Long Beach
69,1,4,130.0,1.0,1,129.0,0.0,1.0,2.0,1,VA Long Beach
51,1,4,,1.0,1,,,,,1,VA Long Beach
60,1,4,130.0,1.0,1,140.0,1.0,0.5,2.0,1,VA Long Beach
56,1,4,120.0,0.0,0,120.0,1.0,1.5,2.0,1,VA Long Beach
55,1,3,,0.0,1,,,,,1,VA Long Beach
54,1,4,,0.0,1,,,,,1,VA Long Beach
77,1,4,124.0,0.0,1,110.0,1.0,2.0,1.0,1,VA Long Beach
63,1,4,160.0,1.0,0,105.0,1.0,1.0,2.0,1,VA Long Beach
55,1,3,,0.0,0,155.0,0.0,1.5,2.0,1,VA Long Beach
52,1,3,122.0,0.0,0,110.0,1.0,2.0,3.0,1,VA Long Beach
64,1,4,144.0,0.0,1,122.0,1.0,1.0,2.0,1,VA Long Beach
60,1,4,,0.0,1,,,,,1,VA Long Beach
60,1,4,120.0,0.0,0,133.0,1.0,2.0,1.0,0,VA Long Beach
58,1,4,,1.0,0,,,,,1,VA Long Beach
59,1,4,154.0,0.0,1,131.0,1.0,1.5,,0,VA Long Beach
61,1,3,120.0,0.0,0,80.0,1.0,0.0,2.0,1,VA Long Beach
40,1,4,125.0,1.0,0,165.0,0.0,0.0,,1,VA Long Beach
61,1,4,,1.0,1,86.0,0.0,1.5,2.0,1,VA Long Beach
41,1,4,104.0,0.0,1,111.0,0.0,0.0,,0,VA Long Beach
57,1,4,,1.0,1,,,,,1,VA Long Beach
63,1,4,136.0,0.0,0,84.0,1.0,0.0,,1,VA Long Beach
59,1,4,122.0,0.0,0,117.0,1.0,1.3,3.0,1,VA Long Beach
51,1,4,128.0,0.0,0,107.0,0.0,0.0,,0,VA Long Beach
59,1,3,,0.0,0,128.0,1.0,2.0,3.0,1,VA Long Beach
42,1,3,134.0,,0,160.0,0.0,0.0,,0,VA Long Beach
55,1,3,120.0,0.0,1,125.0,1.0,2.5,2.0,1,VA Long Beach
63,0,2,,0.0,0,,,,,0,VA Long Beach
62,1,4,152.0,0.0,1,97.0,1.0,1.6,1.0,1,VA Long Beach
56,1,2,124.0,1.0,0,161.0,0.0,2.0,2.0,0,VA Long Beach
53,1,4,126.0,0.0,0,106.0,0.0,0.0,,1,VA Long Beach
68,1,4,138.0,0.0,0,130.0,1.0,3.0,2.0,1,VA Long Beach
53,1,4,154.0,,1,140.0,1.0,1.5,2.0,1,VA Long Beach
60,1,3,,1.0,1,,,,,1,VA Long Beach
62,1,2,,0.0,0,,,,,0,VA Long Beach
59,1,4,178.0,1.0,2,120.0,1.0,0.0,,1,VA Long Beach
51,1,4,,1.0,2,,,,,0,VA Long Beach
61,1,4,110.0,,0,108.0,1.0,2.0,3.0,1,VA Long Beach
57,1,4,130.0,,1,148.0,1.0,2.0,2.0,1,VA Long Beach
56,1,3,170.0,0.0,2,123.0,1.0,2.5,,1,VA Long Beach
58,1,2,126.0,1.0,0,110.0,1.0,2.0,2.0,1,VA Long Beach
69,1,3,140.0,,1,118.0,0.0,2.5,3.0,1,VA Long Beach
67,1,1,142.0,1.0,0,125.0,0.0,2.5,1.0,1,VA Long Beach
58,1,4,120.0,0.0,2,106.0,1.0,1.5,3.0,1,VA Long Beach
65,1,4,,0.0,0,,,,,1,VA Long Beach
63,1,2,,1.0,1,,,,,1,VA Long Beach
55,1,2,110.0,1.0,1,180.0,0.0,,,0,VA Long Beach
57,1,4,140.0,0.0,1,144.0,1.0,2.0,2.0,1,VA Long Beach
65,1,1,,0.0,0,,,,,0,VA Long Beach
54,1,4,136.0,0.0,0,140.0,1.0,3.0,2.0,1,VA Long Beach
72,1,3,120.0,0.0,0,102.0,1.0,1.0,2.0,1,VA Long Beach
75,1,4,170.0,1.0,1,108.0,0.0,0.0,,1,VA Long Beach
49,1,1,130.0,0.0,1,145.0,0.0,3.0,2.0,1,VA Long Beach
51,1,3,,0.0,0,,,,,1,VA Long Beach
60,1,4,142.0,0.0,0,110.0,1.0,2.5,2.0,1,VA Long Beach
64,0,4,142.0,0.0,0,140.0,1.0,1.0,2.0,1,VA Long Beach
58,1,4,132.0,1.0,0,69.0,0.0,1.0,3.0,0,VA Long Beach
61,1,4,146.0,0.0,0,148.0,1.0,3.0,3.0,1,VA Long Beach
67,1,4,160.0,1.0,1,130.0,1.0,0.0,2.0,1,VA Long Beach
62,1,4,135.0,0.0,0,130.0,1.0,1.0,2.0,1,VA Long Beach
65,1,4,136.0,0.0,0,140.0,1.0,4.0,3.0,1,VA Long Beach
63,1,4,130.0,0.0,0,138.0,1.0,2.0,2.0,1,VA Long Beach
69,1,4,140.0,0.0,1,140.0,1.0,2.0,,1,VA Long Beach
51,1,4,,1.0,1,,,,,0,VA Long Beach
62,1,4,158.0,1.0,0,112.0,1.0,3.0,3.0,1,VA Long Beach
55,1,3,,1.0,1,,,,,1,VA Long Beach
75,1,4,136.0,0.0,0,112.0,1.0,3.0,2.0,1,VA Long Beach
40,1,3,106.0,0.0,0,80.0,1.0,0.0,,0,VA Long Beach
67,1,4,120.0,1.0,0,150.0,0.0,1.5,3.0,1,VA Long Beach
58,1,4,110.0,0.0,0,110.0,0.0,0.0,,1,VA Long Beach
60,1,4,,0.0,0,,,,,0,VA Long Beach
63,1,4,160.0,1.0,1,88.0,1.0,2.0,,1,VA Long Beach
35,1,3,,0.0,1,,,,,0,VA Long Beach
62,1,1,112.0,0.0,1,150.0,1.0,,,1,VA Long Beach
43,1,4,122.0,0.0,0,120.0,0.0,0.5,1.0,1,VA Long Beach
63,1,3,130.0,1.0,1,160.0,0.0,3.0,2.0,0,VA Long Beach
68,1,3,150.0,1.0,0,132.0,0.0,0.0,,1,VA Long Beach
65,1,4,150.0,0.0,0,120.0,1.0,1.5,2.0,1,VA Long Beach
48,1,3,102.0,,1,110.0,1.0,1.0,3.0,1,VA Long Beach
63,1,4,96.0,0.0,1,121.0,1.0,1.0,1.0,1,VA Long Beach
64,1,4,130.0,0.0,1,128.0,0.0,0.5,2.0,0,VA Long Beach
61,1,4,120.0,0.0,1,135.0,1.0,4.0,3.0,1,VA Long Beach
50,1,4,144.0,0.0,2,120.0,1.0,1.0,1.0,1,VA Long Beach
59,1,4,124.0,0.0,0,117.0,1.0,1.0,2.0,1,VA Long Beach
55,1,4,150.0,0.0,1,150.0,0.0,0.0,,0,VA Long Beach
45,1,3,,0.0,0,,,,,0,VA Long Beach
65,1,4,,0.0,2,,,,,1,VA Long Beach
61,1,2,,0.0,0,,,,,0,VA Long Beach
49,1,3,,0.0,0,,,,,1,VA Long Beach
72,1,4,,0.0,0,,,,,1,VA Long Beach
50,1,4,,0.0,0,,,,,1,VA Long Beach
64,1,4,,1.0,1,,,,,1,VA Long Beach
55,1,4,116.0,1.0,1,102.0,0.0,0.0,,1,VA Long Beach
63,1,4,110.0,0.0,1,140.0,1.0,2.0,2.0,1,VA Long Beach
59,1,4,125.0,0.0,0,135.0,1.0,2.5,3.0,1,VA Long Beach
56,1,4,,0.0,2,,,,,1,VA Long Beach
62,1,3,,1.0,1,,,,,1,VA Long Beach
74,1,4,150.0,1.0,1,130.0,1.0,4.0,3.0,1,VA Long Beach
54,1,4,130.0,1.0,0,112.0,1.0,2.0,2.0,1,VA Long Beach
57,1,4,110.0,0.0,2,100.0,0.0,0.0,,0,VA Long Beach
62,1,3,,0.0,1,,,,,1,VA Long Beach
76,1,3,104.0,0.0,2,120.0,0.0,3.5,3.0,1,VA Long Beach
54,0,4,138.0,0.0,0,105.0,1.0,1.5,2.0,1,VA Long Beach
70,1,4,170.0,0.0,1,129.0,1.0,3.0,3.0,1,VA Long Beach
61,0,2,140.0,1.0,0,120.0,1.0,0.0,,0,VA Long Beach
48,1,4,,0.0,1,,,,,0,VA Long Beach
48,1,3,132.0,1.0,1,162.0,0.0,0.0,,1,VA Long Beach
61,1,1,142.0,1.0,1,100.0,0.0,1.5,3.0,1,VA Long Beach
66,1,4,112.0,0.0,0,140.0,0.0,1.5,1.0,1,VA Long Beach
68,1,1,,1.0,1,,,,,0,VA Long Beach
55,1,4,172.0,0.0,0,73.0,0.0,2.0,,1,VA Long Beach
62,1,3,120.0,0.0,2,86.0,0.0,0.0,,0,VA Long Beach
71,1,3,,0.0,0,,,,,1,VA Long Beach
74,1,1,,1.0,0,,,,,1,VA Long Beach
53,1,3,155.0,1.0,1,160.0,0.0,,,0,VA Long Beach
58,1,3,150.0,0.0,1,118.0,1.0,0.0,,1,VA Long Beach
75,1,4,160.0,1.0,0,112.0,1.0,2.0,3.0,0,VA Long Beach
56,1,3,,1.0,1,,,,,1,VA Long Beach
58,1,3,,0.0,1,,,,,1,VA Long Beach
64,1,4,134.0,0.0,0,102.0,1.0,4.0,3.0,1,VA Long Beach
54,1,3,,0.0,1,,,,,0,VA Long Beach
54,1,2,,0.0,1,,,,,0,VA Long Beach
59,1,4,140.0,0.0,0,154.0,1.0,2.0,2.0,0,VA Long Beach
55,1,4,,1.0,1,,,,,1,VA Long Beach
57,1,4,144.0,1.0,1,160.0,1.0,2.0,2.0,1,VA Long Beach
61,1,4,,0.0,1,,,,,1,VA Long Beach
41,1,4,150.0,0.0,0,128.0,1.0,1.5,2.0,0,VA Long Beach
71,1,4,130.0,0.0,1,115.0,1.0,0.0,,1,VA Long Beach
38,1,4,110.0,0.0,0,105.0,1.0,1.5,3.0,1,VA Long Beach
55,1,4,158.0,0.0,0,110.0,1.0,2.5,2.0,1,VA Long Beach
56,1,4,128.0,0.0,1,119.0,1.0,2.0,3.0,1,VA Long Beach
69,1,4,,1.0,0,,,,,1,VA Long Beach
64,1,4,150.0,0.0,1,135.0,1.0,0.5,2.0,1,VA Long Beach
72,1,4,160.0,1.0,2,130.0,0.0,1.5,,1,VA Long Beach
69,1,4,,1.0,1,,,,,1,VA Long Beach
56,1,4,,1.0,0,,,,,1,VA Long Beach
62,1,4,,0.0,1,120.0,1.0,3.0,,1,VA Long Beach
67,1,4,,0.0,0,,,,,1,VA Long Beach
57,1,4,156.0,0.0,2,119.0,1.0,3.0,3.0,1,VA Long Beach
69,1,4,,1.0,1,,,,,1,VA Long Beach
51,1,4,,1.0,2,,,,,1,VA Long Beach
48,1,4,140.0,0.0,0,159.0,1.0,1.5,1.0,1,VA Long Beach
69,1,4,122.0,1.0,2,84.0,1.0,0.0,,1,VA Long Beach
69,1,3,,0.0,2,,,,,0,VA Long Beach
64,1,4,,1.0,1,,,,,1,VA Long Beach
57,1,2,180.0,1.0,1,120.0,0.0,0.8,,1,VA Long Beach
53,1,4,124.0,0.0,0,122.0,1.0,2.0,2.0,1,VA Long Beach
37,1,3,118.0,0.0,2,165.0,0.0,1.0,2.0,0,VA Long Beach
67,1,4,140.0,0.0,1,122.0,1.0,2.0,2.0,1,VA Long Beach
74,1,3,140.0,1.0,0,94.0,0.0,0.0,,1,VA Long Beach
63,1,2,,0.0,1,,,,,0,VA Long Beach
58,1,4,100.0,0.0,1,110.0,0.0,0.0,,0,VA Long Beach
61,1,4,190.0,1.0,2,150.0,1.0,2.0,3.0,1,VA Long Beach
64,1,4,130.0,1.0,2,130.0,0.0,0.0,,1,VA Long Beach
58,1,4,160.0,1.0,2,113.0,1.0,1.0,1.0,1,VA Long Beach
60,1,4,130.0,1.0,2,140.0,1.0,0.5,2.0,1,VA Long Beach
57,1,4,122.0,0.0,2,100.0,0.0,0.0,,1,VA Long Beach
55,1,3,,0.0,1,,,,,0,VA Long Beach
55,1,4,120.0,0.0,2,127.0,1.0,1.7,3.0,1,VA Long Beach
56,1,4,130.0,1.0,0,98.0,0.0,1.5,2.0,1,VA Long Beach
57,1,4,130.0,0.0,1,96.0,1.0,1.0,2.0,0,VA Long Beach
61,1,3,,0.0,0,,,,,1,VA Long Beach
61,1,3,120.0,0.0,0,98.0,1.0,0.0,,1,VA Long Beach
74,1,4,155.0,0.0,0,112.0,1.0,1.5,3.0,1,VA Long Beach
68,1,3,134.0,1.0,0,151.0,1.0,0.0,,0,VA Long Beach
51,0,4,114.0,1.0,2,96.0,0.0,1.0,1.0,0,VA Long Beach
62,1,4,160.0,1.0,1,108.0,1.0,3.0,2.0,1,VA Long Beach
53,1,4,144.0,1.0,1,128.0,1.0,1.5,2.0,1,VA Long Beach
62,1,4,158.0,0.0,1,138.0,1.0,0.0,,1,VA Long Beach
46,1,4,134.0,0.0,0,126.0,0.0,0.0,,1,VA Long Beach
54,0,4,127.0,1.0,1,154.0,0.0,0.0,,1,VA Long Beach
62,1,1,,0.0,1,,,,,0,VA Long Beach
55,1,4,122.0,1.0,1,100.0,0.0,0.0,,1,VA Long Beach
58,1,4,,1.0,2,,,,,0,VA Long Beach
62,1,2,120.0,0.0,2,93.0,1.0,0.0,,1,VA Long Beach
