experiment_id,train_dataset,test_dataset,model,n_samples,n_pos,n_neg,prevalence_pct,external_brier_score,external_ece,external_calibration_intercept,external_calibration_slope,cal_intercept_ci_lower,cal_intercept_ci_upper,cal_slope_ci_lower,cal_slope_ci_upper,brier_ci_lower,brier_ci_upper,ece_ci_lower,ece_ci_upper
PAIRWISE_E10_CLEV_TO_VA L_RandomForest,Cleveland,VA Long Beach,RandomForest,199,148,51,74.37,0.1644,0.0926,0.346,0.7607,0.1681,0.5238,0.4867,1.1433,0.1408,0.1896,0.0687,0.156
PAIRWISE_E11_CLEV_TO_VA L_SVM,Cleveland,VA Long Beach,SVM,199,148,51,74.37,0.1708,0.0841,0.1792,0.6708,-0.004,0.3714,0.4118,0.9885,0.1451,0.1966,0.059,0.1522
PAIRWISE_E12_CLEV_TO_VA L_XGBoost,Cleveland,VA Long Beach,XGBoost,199,148,51,74.37,0.1594,0.0616,0.0746,0.6941,-0.1266,0.2858,0.4517,0.9929,0.1354,0.1855,0.0504,0.1323
PAIRWISE_E13_HUNG_TO_CLEV_LogisticRegression,Hungarian,Cleveland,LogisticRegression,303,139,164,45.87,0.1672,0.0834,0.5069,0.6399,0.2432,0.7776,0.5079,0.8219,0.1385,0.1996,0.0669,0.138
PAIRWISE_E14_HUNG_TO_CLEV_RandomForest,Hungarian,Cleveland,RandomForest,303,139,164,45.87,0.1542,0.0775,0.3792,1.4179,0.2548,0.5101,1.1391,1.8484,0.135,0.1744,0.0717,0.127
PAIRWISE_E15_HUNG_TO_CLEV_SVM,Hungarian,Cleveland,SVM,303,139,164,45.87,0.1762,0.0928,0.3357,1.315,0.2283,0.4451,1.0106,1.7293,0.156,0.1976,0.0777,0.143
PAIRWISE_E16_HUNG_TO_CLEV_XGBoost,Hungarian,Cleveland,XGBoost,303,139,164,45.87,0.1574,0.0548,0.2777,0.9831,0.1121,0.4553,0.7827,1.2603,0.1339,0.1824,0.0488,0.1095
PAIRWISE_E17_ZURI_TO_CLEV_LogisticRegression,Zurich,Cleveland,LogisticRegression,303,139,164,45.87,0.4015,0.4049,-2.5868,0.4309,-2.7367,-2.4408,0.2418,0.6444,0.382,0.4202,0.3904,0.4269
PAIRWISE_E18_ZURI_TO_CLEV_RandomForest,Zurich,Cleveland,RandomForest,303,139,164,45.87,0.3418,0.3816,-2.2589,0.9063,-2.3831,-2.1296,0.5894,1.3585,0.327,0.3565,0.3707,0.3921
PAIRWISE_E19_ZURI_TO_CLEV_SVM,Zurich,Cleveland,SVM,303,139,164,45.87,0.4453,0.4541,-2.5881,2.1974,-2.6242,-2.55,1.3865,3.3549,0.4386,0.4512,0.4498,0.458
PAIRWISE_E1_CLEV_TO_HUNG_LogisticRegression,Cleveland,Hungarian,LogisticRegression,293,106,187,36.18,0.1356,0.0608,-0.3604,0.8905,-0.5932,-0.144,0.7115,1.161,0.1102,0.1613,0.0527,0.1142
PAIRWISE_E20_ZURI_TO_CLEV_XGBoost,Zurich,Cleveland,XGBoost,303,139,164,45.87,0.3133,0.3583,-2.2984,0.9668,-2.4449,-2.1414,0.764,1.2253,0.2913,0.3342,0.3414,0.3738
PAIRWISE_E21_VA L_TO_CLEV_LogisticRegression,VA Long Beach,Cleveland,LogisticRegression,303,139,164,45.87,0.1555,0.044,0.0661,1.2099,-0.073,0.2044,0.9768,1.5532,0.134,0.1782,0.0407,0.1016
PAIRWISE_E22_VA L_TO_CLEV_RandomForest,VA Long Beach,Cleveland,RandomForest,303,139,164,45.87,0.2051,0.1572,-0.6139,1.7078,-0.698,-0.5314,1.3457,2.1613,0.1895,0.2208,0.1322,0.2003
PAIRWISE_E23_VA L_TO_CLEV_SVM,VA Long Beach,Cleveland,SVM,303,139,164,45.87,0.2863,0.2408,-0.9804,1.0478,-1.0344,-0.9251,0.5043,1.6972,0.2753,0.2985,0.224,0.2777
PAIRWISE_E24_VA L_TO_CLEV_XGBoost,VA Long Beach,Cleveland,XGBoost,303,139,164,45.87,0.1811,0.1105,-0.5268,1.1841,-0.6579,-0.3987,0.9452,1.4855,0.1602,0.2022,0.0955,0.1566
PAIRWISE_E2_CLEV_TO_HUNG_RandomForest,Cleveland,Hungarian,RandomForest,293,106,187,36.18,0.1377,0.0963,-0.5448,1.0869,-0.7317,-0.367,0.865,1.3941,0.115,0.1606,0.0829,0.1397
PAIRWISE_E3_CLEV_TO_HUNG_SVM,Cleveland,Hungarian,SVM,293,106,187,36.18,0.1414,0.0862,-0.5281,1.1265,-0.7076,-0.3552,0.9228,1.4244,0.1176,0.1636,0.0714,0.1294
PAIRWISE_E4_CLEV_TO_HUNG_XGBoost,Cleveland,Hungarian,XGBoost,293,106,187,36.18,0.1401,0.0772,-0.5849,0.9244,-0.8084,-0.3647,0.7412,1.1624,0.1155,0.1654,0.0656,0.1219
PAIRWISE_E5_CLEV_TO_ZURI_LogisticRegression,Cleveland,Zurich,LogisticRegression,123,115,8,93.5,0.1638,0.2464,2.613,0.4808,2.1914,3.085,0.0692,0.974,0.1262,0.2067,0.2023,0.2956
PAIRWISE_E6_CLEV_TO_ZURI_RandomForest,Cleveland,Zurich,RandomForest,123,115,8,93.5,0.1633,0.3023,2.4359,1.5075,2.2439,2.6343,0.7267,2.9579,0.1379,0.1916,0.2674,0.3392
PAIRWISE_E7_CLEV_TO_ZURI_SVM,Cleveland,Zurich,SVM,123,115,8,93.5,0.1634,0.2894,2.4324,0.9941,2.2164,2.649,0.4001,1.8481,0.1339,0.1973,0.2536,0.3275
PAIRWISE_E8_CLEV_TO_ZURI_XGBoost,Cleveland,Zurich,XGBoost,123,115,8,93.5,0.1555,0.2706,2.4333,0.9294,2.1594,2.7201,0.388,1.6839,0.1264,0.1882,0.2311,0.3104
PAIRWISE_E9_CLEV_TO_VA L_LogisticRegression,Cleveland,VA Long Beach,LogisticRegression,199,148,51,74.37,0.16,0.0737,-0.0977,0.6666,-0.3246,0.1379,0.4569,0.9462,0.134,0.1868,0.0556,0.1358
