experiment_id,train_dataset,test_dataset,model,external_roc_auc,auc_change,external_brier,brier_change,mean_standardized_wasserstein_distance,mean_raw_wasserstein_distance,mean_abs_smd,mean_jsd,mean_tvd,train_prevalence_pct,test_prevalence_pct,abs_prevalence_delta_pct,spearman_rank_correlation,kendall_rank_correlation
PAIRWISE_E1_CLEV_TO_HUNG_LogisticRegression,Cleveland,Hungarian,LogisticRegression,87.09,0.17,0.1356,-0.0093,0.41705000000000003,4.78745,0.4312,0.08015,0.2035833333333333,45.87458745874587,36.177474402730375,9.7,0.9879,0.9556
PAIRWISE_E2_CLEV_TO_HUNG_RandomForest,Cleveland,Hungarian,RandomForest,87.73,0.93,0.1377,-0.011,0.41705000000000003,4.78745,0.4312,0.08015,0.2035833333333333,45.87458745874587,36.177474402730375,9.7,0.9879,0.9556
PAIRWISE_E3_CLEV_TO_HUNG_SVM,Cleveland,Hungarian,SVM,87.38,0.26,0.1414,-0.0027,0.41705000000000003,4.78745,0.4312,0.08015,0.2035833333333333,45.87458745874587,36.177474402730375,9.7,0.9273,0.8222
PAIRWISE_E4_CLEV_TO_HUNG_XGBoost,Cleveland,Hungarian,XGBoost,87.6,1.47,0.1401,-0.0143,0.41705000000000003,4.78745,0.4312,0.08015,0.2035833333333333,45.87458745874587,36.177474402730375,9.7,0.9879,0.9556
PAIRWISE_E5_CLEV_TO_ZURI_LogisticRegression,Cleveland,Zurich,LogisticRegression,72.07,-14.85,0.1638,0.0189,0.49422499999999997,8.64855,0.416025,0.07251666666666666,0.21814999999999998,45.87458745874587,93.4959349593496,47.62,0.9152,0.8222
PAIRWISE_E6_CLEV_TO_ZURI_RandomForest,Cleveland,Zurich,RandomForest,81.41,-5.39,0.1633,0.0146,0.49422499999999997,8.64855,0.416025,0.07251666666666666,0.21814999999999998,45.87458745874587,93.4959349593496,47.62,0.9879,0.9556
PAIRWISE_E7_CLEV_TO_ZURI_SVM,Cleveland,Zurich,SVM,78.59,-8.53,0.1634,0.0193,0.49422499999999997,8.64855,0.416025,0.07251666666666666,0.21814999999999998,45.87458745874587,93.4959349593496,47.62,0.7939,0.6444
PAIRWISE_E8_CLEV_TO_ZURI_XGBoost,Cleveland,Zurich,XGBoost,76.52,-9.61,0.1555,0.0011,0.49422499999999997,8.64855,0.416025,0.07251666666666666,0.21814999999999998,45.87458745874587,93.4959349593496,47.62,0.8788,0.7778
PAIRWISE_E9_CLEV_TO_VA L_LogisticRegression,Cleveland,VA Long Beach,LogisticRegression,75.81,-11.11,0.16,0.0151,0.54735,8.7598,0.5476,0.10873333333333333,0.2917166666666667,45.87458745874587,74.37185929648241,28.5,0.9273,0.8222
PAIRWISE_E10_CLEV_TO_VA L_RandomForest,Cleveland,VA Long Beach,RandomForest,75.34,-11.46,0.1644,0.0157,0.54735,8.7598,0.5476,0.10873333333333333,0.2917166666666667,45.87458745874587,74.37185929648241,28.5,0.9515,0.8667
PAIRWISE_E11_CLEV_TO_VA L_SVM,Cleveland,VA Long Beach,SVM,73.05,-14.07,0.1708,0.0267,0.54735,8.7598,0.5476,0.10873333333333333,0.2917166666666667,45.87458745874587,74.37185929648241,28.5,0.903,0.7778
PAIRWISE_E12_CLEV_TO_VA L_XGBoost,Cleveland,VA Long Beach,XGBoost,75.64,-10.49,0.1594,0.005,0.54735,8.7598,0.5476,0.10873333333333333,0.2917166666666667,45.87458745874587,74.37185929648241,28.5,0.8303,0.7333
PAIRWISE_E13_HUNG_TO_CLEV_LogisticRegression,Hungarian,Cleveland,LogisticRegression,83.51,-6.37,0.1672,0.0497,0.468775,4.78745,0.4312,0.08015,0.2035833333333333,36.177474402730375,45.87458745874587,9.7,0.9515,0.8667
PAIRWISE_E14_HUNG_TO_CLEV_RandomForest,Hungarian,Cleveland,RandomForest,86.94,-2.5,0.1542,0.0281,0.468775,4.78745,0.4312,0.08015,0.2035833333333333,36.177474402730375,45.87458745874587,9.7,0.9394,0.8222
PAIRWISE_E15_HUNG_TO_CLEV_SVM,Hungarian,Cleveland,SVM,82.3,-6.09,0.1762,0.0483,0.468775,4.78745,0.4312,0.08015,0.2035833333333333,36.177474402730375,45.87458745874587,9.7,0.7818,0.5556
PAIRWISE_E16_HUNG_TO_CLEV_XGBoost,Hungarian,Cleveland,XGBoost,84.81,-5.24,0.1574,0.033,0.468775,4.78745,0.4312,0.08015,0.2035833333333333,36.177474402730375,45.87458745874587,9.7,0.9394,0.8222
PAIRWISE_E17_ZURI_TO_CLEV_LogisticRegression,Zurich,Cleveland,LogisticRegression,64.74,5.17,0.4015,0.3193,0.45065,8.64855,0.416025,0.07251666666666666,0.21814999999999998,93.4959349593496,45.87458745874587,47.62,0.9152,0.8222
PAIRWISE_E18_ZURI_TO_CLEV_RandomForest,Zurich,Cleveland,RandomForest,81.57,19.83,0.3418,0.2756,0.45065,8.64855,0.416025,0.07251666666666666,0.21814999999999998,93.4959349593496,45.87458745874587,47.62,0.903,0.7778
PAIRWISE_E19_ZURI_TO_CLEV_SVM,Zurich,Cleveland,SVM,70.8,23.84,0.4453,0.3772,0.45065,8.64855,0.416025,0.07251666666666666,0.21814999999999998,93.4959349593496,45.87458745874587,47.62,0.5636,0.5111
PAIRWISE_E20_ZURI_TO_CLEV_XGBoost,Zurich,Cleveland,XGBoost,81.84,22.27,0.3133,0.2478,0.45065,8.64855,0.416025,0.07251666666666666,0.21814999999999998,93.4959349593496,45.87458745874587,47.62,0.9636,0.8667
PAIRWISE_E21_VA L_TO_CLEV_LogisticRegression,VA Long Beach,Cleveland,LogisticRegression,85.06,14.07,0.1555,-0.0178,0.5810500000000001,8.7598,0.5476,0.10873333333333333,0.2917166666666667,74.37185929648241,45.87458745874587,28.5,0.7455,0.6444
PAIRWISE_E22_VA L_TO_CLEV_RandomForest,VA Long Beach,Cleveland,RandomForest,80.26,12.58,0.2051,0.026,0.5810500000000001,8.7598,0.5476,0.10873333333333333,0.2917166666666667,74.37185929648241,45.87458745874587,28.5,0.8667,0.6889
PAIRWISE_E23_VA L_TO_CLEV_SVM,VA Long Beach,Cleveland,SVM,67.87,2.99,0.2863,0.1055,0.5810500000000001,8.7598,0.5476,0.10873333333333333,0.2917166666666667,74.37185929648241,45.87458745874587,28.5,0.8788,0.7333
PAIRWISE_E24_VA L_TO_CLEV_XGBoost,VA Long Beach,Cleveland,XGBoost,82.63,16.67,0.1811,-0.0054,0.5810500000000001,8.7598,0.5476,0.10873333333333333,0.2917166666666667,74.37185929648241,45.87458745874587,28.5,0.9273,0.7778
