experiment_id,train_dataset,test_dataset,transfer_pair,model,is_zurich_transfer,n_train,n_test,internal_roc_auc,external_roc_auc,auc_change,internal_brier,external_brier,brier_change,internal_ece,external_ece,ece_change,internal_cal_slope,external_calibration_slope,cal_slope_change,internal_cal_intercept,external_calibration_intercept,cal_intercept_change,mean_standardized_wasserstein_distance,mean_raw_wasserstein_distance,mean_jsd,mean_abs_smd,abs_prevalence_delta_pct,spearman_rank_correlation,kendall_rank_correlation,top3_overlap,top5_overlap
PAIRWISE_E1_CLEV_TO_HUNG_LogisticRegression,Cleveland,Hungarian,Cleveland -> Hungarian,LogisticRegression,False,303,293,86.87,87.09,0.22,0.1449,0.1356,-0.0093,0.0518,0.0608,0.009,0.9288,0.8905,-0.0383,-0.019,-0.3604,-0.3414,0.41705,4.78745,0.08015,0.4312,9.7,0.9879,0.9556,0.5,1.0
PAIRWISE_E2_CLEV_TO_HUNG_RandomForest,Cleveland,Hungarian,Cleveland -> Hungarian,RandomForest,False,303,293,86.52,87.73,1.21,0.1487,0.1377,-0.011,0.039,0.0963,0.0573,1.1987,1.0869,-0.1118,-0.0256,-0.5448,-0.5192,0.41705,4.78745,0.08015,0.4312,9.7,0.9879,0.9556,1.0,1.0
PAIRWISE_E3_CLEV_TO_HUNG_SVM,Cleveland,Hungarian,Cleveland -> Hungarian,SVM,False,303,293,86.59,87.38,0.79,0.1441,0.1414,-0.0027,0.0461,0.0862,0.0401,1.0688,1.1265,0.0577,-0.024,-0.5281,-0.5041,0.41705,4.78745,0.08015,0.4312,9.7,0.8788,0.7333,0.2,1.0
PAIRWISE_E4_CLEV_TO_HUNG_XGBoost,Cleveland,Hungarian,Cleveland -> Hungarian,XGBoost,False,303,293,85.74,87.6,1.86,0.1544,0.1401,-0.0143,0.05,0.0772,0.0272,0.8407,0.9244,0.0837,-0.0239,-0.5849,-0.561,0.41705,4.78745,0.08015,0.4312,9.7,0.9879,0.9556,1.0,1.0
PAIRWISE_E5_CLEV_TO_ZURI_LogisticRegression,Cleveland,Zurich,Cleveland -> Zurich,LogisticRegression,True,303,123,86.87,72.07,-14.8,0.1449,0.1638,0.0189,0.0518,0.2464,0.1946,0.9288,0.4808,-0.448,-0.019,2.613,2.632,0.4942249999999999,8.64855,0.0725166666666666,0.416025,47.62,0.9152,0.8222,0.5,1.0
PAIRWISE_E6_CLEV_TO_ZURI_RandomForest,Cleveland,Zurich,Cleveland -> Zurich,RandomForest,True,303,123,86.52,81.41,-5.11,0.1487,0.1633,0.0146,0.039,0.3023,0.2633,1.1987,1.5075,0.3088,-0.0256,2.4359,2.4615,0.4942249999999999,8.64855,0.0725166666666666,0.416025,47.62,0.9879,0.9556,1.0,1.0
PAIRWISE_E7_CLEV_TO_ZURI_SVM,Cleveland,Zurich,Cleveland -> Zurich,SVM,True,303,123,86.59,78.59,-8.0,0.1441,0.1634,0.0193,0.0461,0.2894,0.2433,1.0688,0.9941,-0.0747,-0.024,2.4324,2.4564,0.4942249999999999,8.64855,0.0725166666666666,0.416025,47.62,0.7939,0.6,0.2,1.0
PAIRWISE_E8_CLEV_TO_ZURI_XGBoost,Cleveland,Zurich,Cleveland -> Zurich,XGBoost,True,303,123,85.74,76.52,-9.22,0.1544,0.1555,0.0011,0.05,0.2706,0.2206,0.8407,0.9294,0.0887,-0.0239,2.4333,2.4572,0.4942249999999999,8.64855,0.0725166666666666,0.416025,47.62,0.8788,0.7778,0.5,0.6667
PAIRWISE_E9_CLEV_TO_VA L_LogisticRegression,Cleveland,VA Long Beach,Cleveland -> VA Long Beach,LogisticRegression,False,303,199,86.87,75.81,-11.06,0.1449,0.16,0.0151,0.0518,0.0737,0.0219,0.9288,0.6666,-0.2622,-0.019,-0.0977,-0.0787,0.54735,8.7598,0.1087333333333333,0.5476,28.5,0.9273,0.8222,0.5,1.0
PAIRWISE_E10_CLEV_TO_VA L_RandomForest,Cleveland,VA Long Beach,Cleveland -> VA Long Beach,RandomForest,False,303,199,86.52,75.34,-11.18,0.1487,0.1644,0.0157,0.039,0.0926,0.0536,1.1987,0.7607,-0.438,-0.0256,0.346,0.3716,0.54735,8.7598,0.1087333333333333,0.5476,28.5,0.9515,0.8667,0.5,0.6667
PAIRWISE_E11_CLEV_TO_VA L_SVM,Cleveland,VA Long Beach,Cleveland -> VA Long Beach,SVM,False,303,199,86.59,73.05,-13.54,0.1441,0.1708,0.0267,0.0461,0.0841,0.038,1.0688,0.6708,-0.398,-0.024,0.1792,0.2032,0.54735,8.7598,0.1087333333333333,0.5476,28.5,0.8909,0.7778,0.5,0.6667
PAIRWISE_E12_CLEV_TO_VA L_XGBoost,Cleveland,VA Long Beach,Cleveland -> VA Long Beach,XGBoost,False,303,199,85.74,75.64,-10.1,0.1544,0.1594,0.005,0.05,0.0616,0.0116,0.8407,0.6941,-0.1466,-0.0239,0.0746,0.0985,0.54735,8.7598,0.1087333333333333,0.5476,28.5,0.8303,0.7333,0.5,0.6667
PAIRWISE_E13_HUNG_TO_CLEV_LogisticRegression,Hungarian,Cleveland,Hungarian -> Cleveland,LogisticRegression,False,293,303,89.21,83.51,-5.7,0.1176,0.1672,0.0496,0.0308,0.0834,0.0526,0.9386,0.6399,-0.2987,-0.0357,0.5069,0.5426,0.468775,4.78745,0.08015,0.4312,9.7,0.9515,0.8667,0.5,1.0
PAIRWISE_E14_HUNG_TO_CLEV_RandomForest,Hungarian,Cleveland,Hungarian -> Cleveland,RandomForest,False,293,303,88.45,86.94,-1.51,0.1263,0.1542,0.0279,0.032,0.0775,0.0455,1.0945,1.4179,0.3234,-0.0498,0.3792,0.429,0.468775,4.78745,0.08015,0.4312,9.7,0.9394,0.8222,1.0,0.6667
PAIRWISE_E15_HUNG_TO_CLEV_SVM,Hungarian,Cleveland,Hungarian -> Cleveland,SVM,False,293,303,87.86,82.3,-5.56,0.128,0.1762,0.0482,0.0479,0.0928,0.0449,1.0359,1.315,0.2791,0.0134,0.3357,0.3223,0.468775,4.78745,0.08015,0.4312,9.7,0.8061,0.6,0.5,1.0
PAIRWISE_E16_HUNG_TO_CLEV_XGBoost,Hungarian,Cleveland,Hungarian -> Cleveland,XGBoost,False,293,303,88.86,84.81,-4.05,0.1245,0.1574,0.0329,0.0454,0.0548,0.0094,0.9268,0.9831,0.0563,0.0022,0.2777,0.2755,0.468775,4.78745,0.08015,0.4312,9.7,0.9394,0.8222,1.0,0.6667
PAIRWISE_E17_ZURI_TO_CLEV_LogisticRegression,Zurich,Cleveland,Zurich -> Cleveland,LogisticRegression,True,123,303,59.02,64.74,5.72,0.082,0.4015,0.3195,0.0592,0.4049,0.3457,0.0712,0.4309,0.3597,0.5785,-2.5868,-3.1653,0.45065,8.64855,0.0725166666666666,0.416025,47.62,0.9152,0.8222,0.5,1.0
PAIRWISE_E18_ZURI_TO_CLEV_RandomForest,Zurich,Cleveland,Zurich -> Cleveland,RandomForest,True,123,303,62.07,81.57,19.5,0.0665,0.3418,0.2753,0.0757,0.3816,0.3059,0.3015,0.9063,0.6048,0.1547,-2.2589,-2.4136,0.45065,8.64855,0.0725166666666666,0.416025,47.62,0.903,0.7778,1.0,0.6667
PAIRWISE_E19_ZURI_TO_CLEV_SVM,Zurich,Cleveland,Zurich -> Cleveland,SVM,True,123,303,46.52,70.8,24.28,0.0683,0.4453,0.377,0.0283,0.4541,0.4258,0.0312,2.1974,2.1662,0.2631,-2.5881,-2.8512,0.45065,8.64855,0.0725166666666666,0.416025,47.62,0.5394,0.4222,0.5,0.4286
PAIRWISE_E20_ZURI_TO_CLEV_XGBoost,Zurich,Cleveland,Zurich -> Cleveland,XGBoost,True,123,303,65.76,81.84,16.08,0.0657,0.3133,0.2476,0.0566,0.3583,0.3017,0.3525,0.9668,0.6143,0.0917,-2.2984,-2.3901,0.45065,8.64855,0.0725166666666666,0.416025,47.62,0.9636,0.8667,0.5,0.6667
PAIRWISE_E21_VA L_TO_CLEV_LogisticRegression,VA Long Beach,Cleveland,VA Long Beach -> Cleveland,LogisticRegression,False,199,303,69.97,85.06,15.09,0.1732,0.1555,-0.0177,0.0772,0.044,-0.0332,0.6487,1.2099,0.5612,0.097,0.0661,-0.0309,0.5810500000000001,8.7598,0.1087333333333333,0.5476,28.5,0.7455,0.6444,0.5,0.6667
PAIRWISE_E22_VA L_TO_CLEV_RandomForest,VA Long Beach,Cleveland,VA Long Beach -> Cleveland,RandomForest,False,199,303,66.37,80.26,13.89,0.1789,0.2051,0.0262,0.0467,0.1572,0.1105,0.6727,1.7078,1.0351,0.0346,-0.6139,-0.6485,0.5810500000000001,8.7598,0.1087333333333333,0.5476,28.5,0.8667,0.6889,0.2,1.0
PAIRWISE_E23_VA L_TO_CLEV_SVM,VA Long Beach,Cleveland,VA Long Beach -> Cleveland,SVM,False,199,303,63.6,67.87,4.27,0.1808,0.2863,0.1055,0.0829,0.2408,0.1579,0.9912,1.0478,0.0566,0.0141,-0.9804,-0.9945,0.5810500000000001,8.7598,0.1087333333333333,0.5476,28.5,0.8303,0.6889,1.0,0.6667
PAIRWISE_E24_VA L_TO_CLEV_XGBoost,VA Long Beach,Cleveland,VA Long Beach -> Cleveland,XGBoost,False,199,303,65.48,82.63,17.15,0.1862,0.1811,-0.0051,0.0925,0.1105,0.018,0.4646,1.1841,0.7195,-0.0471,-0.5268,-0.4797,0.5810500000000001,8.7598,0.1087333333333333,0.5476,28.5,0.9273,0.7778,1.0,0.6667
