experiment_id,train_dataset,test_dataset,model,primary_auc,primary_brier,primary_ece,primary_eval_n,primary_eval_n_pos,primary_eval_n_neg,primary_eval_status,test_complete_case_auc,test_complete_case_brier,test_complete_case_ece,test_complete_case_n,test_complete_case_n_pos,test_complete_case_n_neg,test_complete_case_status,full_complete_case_auc,full_complete_case_brier,full_complete_case_ece,full_complete_case_train_n,full_complete_case_test_n,full_complete_case_status,missing_indicator_auc,missing_indicator_brier,missing_indicator_ece,delta_auc_test_complete_case,delta_auc_full_complete_case,delta_auc_missing_indicator
EXP_PAIRWISE_CLEV_TO_HUNG_LogisticRegression,Cleveland,Hungarian,LogisticRegression,87.09,0.1356,0.0608,293,106,187,Valid evaluable set,85.24,0.1369,0.0479,100,71,29,Valid evaluable set,85.24,0.1369,0.0479,303,100,Valid,87.55,0.1345,0.0646,-1.85,-1.85,0.46
EXP_PAIRWISE_CLEV_TO_HUNG_RandomForest,Cleveland,Hungarian,RandomForest,87.73,0.1377,0.0963,293,106,187,Valid evaluable set,83.39,0.1443,0.0828,100,71,29,Valid evaluable set,83.39,0.1443,0.0828,303,100,Valid,88.55,0.1373,0.1033,-4.34,-4.34,0.82
EXP_PAIRWISE_CLEV_TO_HUNG_SVM,Cleveland,Hungarian,SVM,87.38,0.1414,0.0862,293,106,187,Valid evaluable set,83.2,0.1421,0.0637,100,71,29,Valid evaluable set,83.2,0.1421,0.0637,303,100,Valid,87.45,0.1419,0.0938,-4.18,-4.18,0.07
EXP_PAIRWISE_CLEV_TO_HUNG_XGBoost,Cleveland,Hungarian,XGBoost,87.6,0.1401,0.0772,293,106,187,Valid evaluable set,84.56,0.143,0.1211,100,71,29,Valid evaluable set,84.56,0.143,0.1211,303,100,Valid,88.04,0.1402,0.0887,-3.04,-3.04,0.44
EXP_PAIRWISE_CLEV_TO_ZURI_LogisticRegression,Cleveland,Zurich,LogisticRegression,,,,123,115,8,"Degenerate: insufficient event count (pos=115, neg=8 < 10)",,,,46,45,1,"Degenerate: insufficient event count (pos=45, neg=1 < 10)",,,,303,46,"Degenerate: Valid evaluable set | Degenerate: insufficient event count (pos=45, neg=1 < 10)",,,,,,
EXP_PAIRWISE_CLEV_TO_ZURI_RandomForest,Cleveland,Zurich,RandomForest,,,,123,115,8,"Degenerate: insufficient event count (pos=115, neg=8 < 10)",,,,46,45,1,"Degenerate: insufficient event count (pos=45, neg=1 < 10)",,,,303,46,"Degenerate: Valid evaluable set | Degenerate: insufficient event count (pos=45, neg=1 < 10)",,,,,,
EXP_PAIRWISE_CLEV_TO_ZURI_SVM,Cleveland,Zurich,SVM,,,,123,115,8,"Degenerate: insufficient event count (pos=115, neg=8 < 10)",,,,46,45,1,"Degenerate: insufficient event count (pos=45, neg=1 < 10)",,,,303,46,"Degenerate: Valid evaluable set | Degenerate: insufficient event count (pos=45, neg=1 < 10)",,,,,,
EXP_PAIRWISE_CLEV_TO_ZURI_XGBoost,Cleveland,Zurich,XGBoost,,,,123,115,8,"Degenerate: insufficient event count (pos=115, neg=8 < 10)",,,,46,45,1,"Degenerate: insufficient event count (pos=45, neg=1 < 10)",,,,303,46,"Degenerate: Valid evaluable set | Degenerate: insufficient event count (pos=45, neg=1 < 10)",,,,,,
EXP_PAIRWISE_CLEV_TO_VA L_LogisticRegression,Cleveland,VA Long Beach,LogisticRegression,75.81,0.16,0.0737,199,148,51,Valid evaluable set,68.38,0.1367,0.0803,89,74,15,Valid evaluable set,68.38,0.1367,0.0803,303,89,Valid,73.32,0.1718,0.0857,-7.43,-7.43,-2.49
EXP_PAIRWISE_CLEV_TO_VA L_RandomForest,Cleveland,VA Long Beach,RandomForest,75.34,0.1644,0.0926,199,148,51,Valid evaluable set,73.51,0.1289,0.0632,89,74,15,Valid evaluable set,73.51,0.1289,0.0632,303,89,Valid,72.4,0.1824,0.1294,-1.83,-1.83,-2.94
EXP_PAIRWISE_CLEV_TO_VA L_SVM,Cleveland,VA Long Beach,SVM,73.05,0.1708,0.0841,199,148,51,Valid evaluable set,70.27,0.1347,0.0996,89,74,15,Valid evaluable set,70.27,0.1347,0.0996,303,89,Valid,69.81,0.1893,0.1276,-2.78,-2.78,-3.24
EXP_PAIRWISE_CLEV_TO_VA L_XGBoost,Cleveland,VA Long Beach,XGBoost,75.64,0.1594,0.0616,199,148,51,Valid evaluable set,70.54,0.1252,0.0843,89,74,15,Valid evaluable set,70.54,0.1252,0.0843,303,89,Valid,73.85,0.1659,0.0878,-5.1,-5.1,-1.79
EXP_PAIRWISE_HUNG_TO_CLEV_LogisticRegression,Hungarian,Cleveland,LogisticRegression,83.51,0.1672,0.0834,303,139,164,Valid evaluable set,83.51,0.1672,0.0834,303,139,164,Valid evaluable set,78.51,0.2164,0.1813,100,303,Valid,80.57,0.2008,0.1654,0.0,-5.0,-2.94
EXP_PAIRWISE_HUNG_TO_CLEV_RandomForest,Hungarian,Cleveland,RandomForest,86.94,0.1542,0.0775,303,139,164,Valid evaluable set,86.94,0.1542,0.0775,303,139,164,Valid evaluable set,83.21,0.1651,0.0511,100,303,Valid,86.73,0.1523,0.103,0.0,-3.73,-0.21
EXP_PAIRWISE_HUNG_TO_CLEV_SVM,Hungarian,Cleveland,SVM,82.3,0.1762,0.0928,303,139,164,Valid evaluable set,82.3,0.1762,0.0928,303,139,164,Valid evaluable set,76.93,0.2193,0.1315,100,303,Valid,81.1,0.1754,0.0634,0.0,-5.37,-1.2
EXP_PAIRWISE_HUNG_TO_CLEV_XGBoost,Hungarian,Cleveland,XGBoost,84.81,0.1574,0.0548,303,139,164,Valid evaluable set,84.81,0.1574,0.0548,303,139,164,Valid evaluable set,82.11,0.1754,0.0804,100,303,Valid,85.28,0.1552,0.0581,0.0,-2.7,0.47
EXP_PAIRWISE_ZURI_TO_CLEV_LogisticRegression,Zurich,Cleveland,LogisticRegression,64.74,0.4015,0.4049,303,139,164,Valid evaluable set,64.74,0.4015,0.4049,303,139,164,Valid evaluable set,,,,46,303,"Degenerate: Degenerate: insufficient event count (pos=45, neg=1 < 10) | Valid evaluable set",67.81,0.4323,0.445,0.0,,3.07
EXP_PAIRWISE_ZURI_TO_CLEV_RandomForest,Zurich,Cleveland,RandomForest,81.57,0.3418,0.3816,303,139,164,Valid evaluable set,81.57,0.3418,0.3816,303,139,164,Valid evaluable set,,,,46,303,"Degenerate: Degenerate: insufficient event count (pos=45, neg=1 < 10) | Valid evaluable set",81.18,0.3773,0.4113,0.0,,-0.39
EXP_PAIRWISE_ZURI_TO_CLEV_SVM,Zurich,Cleveland,SVM,70.8,0.4453,0.4541,303,139,164,Valid evaluable set,70.8,0.4453,0.4541,303,139,164,Valid evaluable set,,,,46,303,"Degenerate: Degenerate: insufficient event count (pos=45, neg=1 < 10) | Valid evaluable set",75.34,0.4672,0.4716,0.0,,4.54
EXP_PAIRWISE_ZURI_TO_CLEV_XGBoost,Zurich,Cleveland,XGBoost,81.84,0.3133,0.3583,303,139,164,Valid evaluable set,81.84,0.3133,0.3583,303,139,164,Valid evaluable set,,,,46,303,"Degenerate: Degenerate: insufficient event count (pos=45, neg=1 < 10) | Valid evaluable set",82.72,0.366,0.4118,0.0,,0.88
EXP_PAIRWISE_VA L_TO_CLEV_LogisticRegression,VA Long Beach,Cleveland,LogisticRegression,85.06,0.1555,0.044,303,139,164,Valid evaluable set,85.06,0.1555,0.044,303,139,164,Valid evaluable set,80.51,0.1979,0.1351,89,303,Valid,84.99,0.1579,0.0574,0.0,-4.55,-0.07
EXP_PAIRWISE_VA L_TO_CLEV_RandomForest,VA Long Beach,Cleveland,RandomForest,80.26,0.2051,0.1572,303,139,164,Valid evaluable set,80.26,0.2051,0.1572,303,139,164,Valid evaluable set,80.1,0.2228,0.1954,89,303,Valid,80.36,0.2333,0.2113,0.0,-0.16,0.1
EXP_PAIRWISE_VA L_TO_CLEV_SVM,VA Long Beach,Cleveland,SVM,67.87,0.2863,0.2408,303,139,164,Valid evaluable set,67.87,0.2863,0.2408,303,139,164,Valid evaluable set,68.97,0.3421,0.3239,89,303,Valid,67.69,0.3067,0.2887,0.0,1.1,-0.18
EXP_PAIRWISE_VA L_TO_CLEV_XGBoost,VA Long Beach,Cleveland,XGBoost,82.63,0.1811,0.1105,303,139,164,Valid evaluable set,82.63,0.1811,0.1105,303,139,164,Valid evaluable set,81.23,0.2164,0.1925,89,303,Valid,81.64,0.2018,0.1612,0.0,-1.4,-0.99
