experiment_id,train_dataset,test_dataset,feature,source_mean_abs_shap,source_feature_rank,target_mean_abs_shap,target_feature_rank,delta_abs_shap,rank_displacement
EXP_PAIRWISE_CLEV_TO_HUNG_SVM,Cleveland,Hungarian,age,0.025913,8,0.018841,9,-0.007072,1
EXP_PAIRWISE_CLEV_TO_HUNG_SVM,Cleveland,Hungarian,sex,0.069531,3,0.057515,5,-0.012017,2
EXP_PAIRWISE_CLEV_TO_HUNG_SVM,Cleveland,Hungarian,cp,0.094358,1,0.096413,1,0.002055,0
EXP_PAIRWISE_CLEV_TO_HUNG_SVM,Cleveland,Hungarian,trestbps,0.020776,9,0.02131,8,0.000534,1
EXP_PAIRWISE_CLEV_TO_HUNG_SVM,Cleveland,Hungarian,fbs,0.012622,10,0.009336,10,-0.003285,0
EXP_PAIRWISE_CLEV_TO_HUNG_SVM,Cleveland,Hungarian,restecg,0.036728,6,0.02719,7,-0.009538,1
EXP_PAIRWISE_CLEV_TO_HUNG_SVM,Cleveland,Hungarian,thalach,0.064472,5,0.073345,3,0.008873,2
EXP_PAIRWISE_CLEV_TO_HUNG_SVM,Cleveland,Hungarian,exang,0.073456,2,0.072689,4,-0.000767,2
EXP_PAIRWISE_CLEV_TO_HUNG_SVM,Cleveland,Hungarian,oldpeak,0.066256,4,0.075176,2,0.00892,2
EXP_PAIRWISE_CLEV_TO_HUNG_SVM,Cleveland,Hungarian,slope,0.030795,7,0.030213,6,-0.000582,1
EXP_PAIRWISE_CLEV_TO_ZURI_SVM,Cleveland,Zurich,age,0.025913,8,0.016646,9,-0.009267,1
EXP_PAIRWISE_CLEV_TO_ZURI_SVM,Cleveland,Zurich,sex,0.069531,3,0.04022,5,-0.029311,2
EXP_PAIRWISE_CLEV_TO_ZURI_SVM,Cleveland,Zurich,cp,0.094358,1,0.060622,4,-0.033736,3
EXP_PAIRWISE_CLEV_TO_ZURI_SVM,Cleveland,Zurich,trestbps,0.020776,9,0.028658,8,0.007881,1
EXP_PAIRWISE_CLEV_TO_ZURI_SVM,Cleveland,Zurich,fbs,0.012622,10,0.010014,10,-0.002608,0
EXP_PAIRWISE_CLEV_TO_ZURI_SVM,Cleveland,Zurich,restecg,0.036728,6,0.032072,7,-0.004657,1
EXP_PAIRWISE_CLEV_TO_ZURI_SVM,Cleveland,Zurich,thalach,0.064472,5,0.08959,1,0.025118,4
EXP_PAIRWISE_CLEV_TO_ZURI_SVM,Cleveland,Zurich,exang,0.073456,2,0.070434,2,-0.003022,0
EXP_PAIRWISE_CLEV_TO_ZURI_SVM,Cleveland,Zurich,oldpeak,0.066256,4,0.067946,3,0.00169,1
EXP_PAIRWISE_CLEV_TO_ZURI_SVM,Cleveland,Zurich,slope,0.030795,7,0.033977,6,0.003182,1
EXP_PAIRWISE_CLEV_TO_VA L_SVM,Cleveland,VA Long Beach,age,0.025913,8,0.020636,8,-0.005277,0
EXP_PAIRWISE_CLEV_TO_VA L_SVM,Cleveland,VA Long Beach,sex,0.069531,3,0.030814,6,-0.038717,3
EXP_PAIRWISE_CLEV_TO_VA L_SVM,Cleveland,VA Long Beach,cp,0.094358,1,0.078678,1,-0.01568,0
EXP_PAIRWISE_CLEV_TO_VA L_SVM,Cleveland,VA Long Beach,trestbps,0.020776,9,0.019671,9,-0.001106,0
EXP_PAIRWISE_CLEV_TO_VA L_SVM,Cleveland,VA Long Beach,fbs,0.012622,10,0.015744,10,0.003123,0
EXP_PAIRWISE_CLEV_TO_VA L_SVM,Cleveland,VA Long Beach,restecg,0.036728,6,0.02367,7,-0.013058,1
EXP_PAIRWISE_CLEV_TO_VA L_SVM,Cleveland,VA Long Beach,thalach,0.064472,5,0.072828,3,0.008356,2
EXP_PAIRWISE_CLEV_TO_VA L_SVM,Cleveland,VA Long Beach,exang,0.073456,2,0.076833,2,0.003377,0
EXP_PAIRWISE_CLEV_TO_VA L_SVM,Cleveland,VA Long Beach,oldpeak,0.066256,4,0.058441,4,-0.007815,0
EXP_PAIRWISE_CLEV_TO_VA L_SVM,Cleveland,VA Long Beach,slope,0.030795,7,0.032823,5,0.002028,2
EXP_PAIRWISE_HUNG_TO_CLEV_SVM,Hungarian,Cleveland,age,0.012831,8,0.019376,9,0.006544,1
EXP_PAIRWISE_HUNG_TO_CLEV_SVM,Hungarian,Cleveland,sex,0.044364,4,0.046894,4,0.002529,0
EXP_PAIRWISE_HUNG_TO_CLEV_SVM,Hungarian,Cleveland,cp,0.056594,3,0.040527,5,-0.016066,2
EXP_PAIRWISE_HUNG_TO_CLEV_SVM,Hungarian,Cleveland,trestbps,0.012462,9,0.01281,10,0.000348,1
EXP_PAIRWISE_HUNG_TO_CLEV_SVM,Hungarian,Cleveland,fbs,0.014404,7,0.027863,7,0.013459,0
EXP_PAIRWISE_HUNG_TO_CLEV_SVM,Hungarian,Cleveland,restecg,0.010566,10,0.031567,6,0.021001,4
EXP_PAIRWISE_HUNG_TO_CLEV_SVM,Hungarian,Cleveland,thalach,0.021765,6,0.02036,8,-0.001405,2
EXP_PAIRWISE_HUNG_TO_CLEV_SVM,Hungarian,Cleveland,exang,0.106831,1,0.077714,2,-0.029117,1
EXP_PAIRWISE_HUNG_TO_CLEV_SVM,Hungarian,Cleveland,oldpeak,0.097578,2,0.081377,1,-0.016201,1
EXP_PAIRWISE_HUNG_TO_CLEV_SVM,Hungarian,Cleveland,slope,0.03652,5,0.061696,3,0.025175,2
EXP_PAIRWISE_ZURI_TO_CLEV_SVM,Zurich,Cleveland,age,0.001799,7,0.002527,7,0.000728,0
EXP_PAIRWISE_ZURI_TO_CLEV_SVM,Zurich,Cleveland,sex,0.000905,10,0.003582,5,0.002677,5
EXP_PAIRWISE_ZURI_TO_CLEV_SVM,Zurich,Cleveland,cp,0.007074,1,0.014051,1,0.006976,0
EXP_PAIRWISE_ZURI_TO_CLEV_SVM,Zurich,Cleveland,trestbps,0.002968,3,0.001875,9,-0.001092,6
EXP_PAIRWISE_ZURI_TO_CLEV_SVM,Zurich,Cleveland,fbs,0.001324,9,0.002099,8,0.000774,1
EXP_PAIRWISE_ZURI_TO_CLEV_SVM,Zurich,Cleveland,restecg,0.001912,6,0.00412,4,0.002208,2
EXP_PAIRWISE_ZURI_TO_CLEV_SVM,Zurich,Cleveland,thalach,0.002744,4,0.006624,2,0.003879,2
EXP_PAIRWISE_ZURI_TO_CLEV_SVM,Zurich,Cleveland,exang,0.001613,8,0.001592,10,-2.2e-05,2
EXP_PAIRWISE_ZURI_TO_CLEV_SVM,Zurich,Cleveland,oldpeak,0.002018,5,0.002933,6,0.000915,1
EXP_PAIRWISE_ZURI_TO_CLEV_SVM,Zurich,Cleveland,slope,0.005103,2,0.004653,3,-0.000451,1
EXP_PAIRWISE_VA L_TO_CLEV_SVM,VA Long Beach,Cleveland,age,0.010753,7,0.011993,10,0.00124,3
EXP_PAIRWISE_VA L_TO_CLEV_SVM,VA Long Beach,Cleveland,sex,0.002315,10,0.014586,8,0.012271,2
EXP_PAIRWISE_VA L_TO_CLEV_SVM,VA Long Beach,Cleveland,cp,0.025021,3,0.03569,3,0.010669,0
EXP_PAIRWISE_VA L_TO_CLEV_SVM,VA Long Beach,Cleveland,trestbps,0.010711,8,0.013101,9,0.00239,1
EXP_PAIRWISE_VA L_TO_CLEV_SVM,VA Long Beach,Cleveland,fbs,0.051112,1,0.045503,1,-0.005609,0
EXP_PAIRWISE_VA L_TO_CLEV_SVM,VA Long Beach,Cleveland,restecg,0.018362,4,0.027904,4,0.009542,0
EXP_PAIRWISE_VA L_TO_CLEV_SVM,VA Long Beach,Cleveland,thalach,0.018151,5,0.022231,7,0.00408,2
EXP_PAIRWISE_VA L_TO_CLEV_SVM,VA Long Beach,Cleveland,exang,0.045943,2,0.039242,2,-0.006701,0
EXP_PAIRWISE_VA L_TO_CLEV_SVM,VA Long Beach,Cleveland,oldpeak,0.016477,6,0.02652,5,0.010043,1
EXP_PAIRWISE_VA L_TO_CLEV_SVM,VA Long Beach,Cleveland,slope,0.010539,9,0.022765,6,0.012226,3
