experiment_id,train_dataset,test_dataset,model,auc_change,brier_change,sensitivity_change,specificity_change,external_calibration_slope,external_calibration_intercept,external_ece,spearman_rank_correlation,top3_overlap,mean_abs_delta_shap,mean_wasserstein_distance,mean_jsd,mean_abs_smd,abs_prevalence_delta_pct,platt_brier_delta,iso_brier_delta,platt_ece_delta,iso_ece_delta
PAIRWISE_E1_CLEV_TO_HUNG_LogisticRegression,Cleveland,Hungarian,LogisticRegression,0.17,-0.0093,1.09,-0.57,0.8905,-0.3641,0.0608,0.9879,0.5,0.022779,4.78745,0.08015,0.4319,9.69,-0.0007,0.0068,-0.0007,0.0083
PAIRWISE_E2_CLEV_TO_HUNG_RandomForest,Cleveland,Hungarian,RandomForest,0.93,-0.011,2.35,4.03,1.087,-0.5458,0.0963,0.9879,1.0,0.002859,4.78745,0.08015,0.4319,9.69,-0.0018,0.0004,-0.0143,-0.0031
PAIRWISE_E3_CLEV_TO_HUNG_SVM,Cleveland,Hungarian,SVM,0.26,-0.0027,0.15,-3.92,1.1266,-0.5368,0.0862,0.9273,0.5,0.005305,4.78745,0.08015,0.4319,9.69,-0.0008,0.0015,0.0003,-0.0097
PAIRWISE_E4_CLEV_TO_HUNG_XGBoost,Cleveland,Hungarian,XGBoost,1.47,-0.0143,1.63,5.37,0.9244,-0.5736,0.0772,0.9879,1.0,0.019038,4.78745,0.08015,0.4319,9.69,-0.0009,0.0043,0.0155,0.0384
PAIRWISE_E5_CLEV_TO_ZURI_LogisticRegression,Cleveland,Zurich,LogisticRegression,-14.85,0.0189,1.99,-32.39,0.4806,2.4042,0.2464,0.9152,0.5,0.056459,8.64855,0.07251666666666666,0.4173,47.63,0.0024,0.0067,0.0117,-0.0051
PAIRWISE_E6_CLEV_TO_ZURI_RandomForest,Cleveland,Zurich,RandomForest,-5.39,0.0146,-0.16,-17.43,1.5073,2.5693,0.3023,0.9879,1.0,0.007318,8.64855,0.07251666666666666,0.4173,47.63,-0.0021,0.0098,-0.0139,-0.0096
PAIRWISE_E7_CLEV_TO_ZURI_SVM,Cleveland,Zurich,SVM,-8.53,0.0193,0.25,-21.1,0.9928,2.4317,0.2894,0.7939,0.2,0.012134,8.64855,0.07251666666666666,0.4173,47.63,0.0008,0.0066,-0.0036,-0.0171
PAIRWISE_E8_CLEV_TO_ZURI_XGBoost,Cleveland,Zurich,XGBoost,-9.61,0.0011,2.6,-15.02,0.9294,2.4146,0.2706,0.8788,0.5,0.061057,8.64855,0.07251666666666666,0.4173,47.63,0.0074,0.0036,0.0241,0.0183
PAIRWISE_E9_CLEV_TO_VA L_LogisticRegression,Cleveland,VA Long Beach,LogisticRegression,-11.11,0.0151,15.62,-41.21,0.6664,0.2207,0.0737,0.9273,0.5,0.056701,8.7598,0.10873333333333333,0.5489,28.5,-0.0008,0.0025,-0.0188,0.0065
PAIRWISE_E10_CLEV_TO_VA L_RandomForest,Cleveland,VA Long Beach,RandomForest,-11.46,0.0157,15.79,-36.79,0.7605,0.4646,0.0926,0.9515,0.5,0.006739,8.7598,0.10873333333333333,0.5489,28.5,0.0,0.0038,-0.0011,0.0153
PAIRWISE_E11_CLEV_TO_VA L_SVM,Cleveland,VA Long Beach,SVM,-14.07,0.0267,13.59,-44.38,0.6708,0.4216,0.0841,0.903,0.5,0.011184,8.7598,0.10873333333333333,0.5489,28.5,0.001,0.0129,-0.0052,0.0117
PAIRWISE_E12_CLEV_TO_VA L_XGBoost,Cleveland,VA Long Beach,XGBoost,-10.49,0.005,17.1,-40.27,0.6941,0.3137,0.0616,0.8303,0.5,0.049464,8.7598,0.10873333333333333,0.5489,28.5,0.0004,-0.0002,0.0022,-0.0036
PAIRWISE_E13_HUNG_TO_CLEV_LogisticRegression,Hungarian,Cleveland,LogisticRegression,-6.37,0.0497,-3.69,-3.75,0.6399,0.2454,0.0834,0.9515,0.5,0.091264,4.78745,0.08015,0.4319,9.69,-0.0004,0.003,-0.0014,0.0203
PAIRWISE_E14_HUNG_TO_CLEV_RandomForest,Hungarian,Cleveland,RandomForest,-2.5,0.0281,-4.04,3.52,1.418,0.5939,0.0775,0.9394,1.0,0.005723,4.78745,0.08015,0.4319,9.69,-0.0007,0.0037,0.0011,0.0027
PAIRWISE_E15_HUNG_TO_CLEV_SVM,Hungarian,Cleveland,SVM,-6.09,0.0483,-6.87,0.06,1.315,0.5045,0.0928,0.7818,0.5,0.013989,4.78745,0.08015,0.4319,9.69,-0.0012,0.0016,-0.0155,-0.0525
PAIRWISE_E16_HUNG_TO_CLEV_XGBoost,Hungarian,Cleveland,XGBoost,-5.24,0.033,-3.74,-3.25,0.983,0.2703,0.0548,0.9394,1.0,0.056214,4.78745,0.08015,0.4319,9.69,0.0006,0.0092,-0.0084,0.0218
PAIRWISE_E17_ZURI_TO_CLEV_LogisticRegression,Zurich,Cleveland,LogisticRegression,5.17,0.3193,1.47,4.27,0.4309,-1.193,0.4049,0.9152,0.5,0.085864,8.64855,0.07251666666666666,0.4173,47.63,0.071,0.0442,0.0701,0.0509
PAIRWISE_E18_ZURI_TO_CLEV_RandomForest,Zurich,Cleveland,RandomForest,19.83,0.2756,0.0,0.0,0.9064,-2.0703,0.3816,0.903,1.0,0.007634,8.64855,0.07251666666666666,0.4173,47.63,0.0949,0.0828,0.0691,0.056
PAIRWISE_E19_ZURI_TO_CLEV_SVM,Zurich,Cleveland,SVM,23.84,0.3772,0.0,0.0,2.1977,-5.5325,0.4541,0.5636,0.5,0.00205,8.64855,0.07251666666666666,0.4173,47.63,0.0291,0.017,0.0217,0.014
PAIRWISE_E20_ZURI_TO_CLEV_XGBoost,Zurich,Cleveland,XGBoost,22.27,0.2478,0.15,7.93,0.9667,-2.2254,0.3583,0.9636,0.5,0.039041,8.64855,0.07251666666666666,0.4173,47.63,0.1092,0.0715,0.0844,0.0557
PAIRWISE_E21_VA L_TO_CLEV_LogisticRegression,VA Long Beach,Cleveland,LogisticRegression,14.07,-0.0178,-17.16,50.68,1.2099,0.1092,0.044,0.7455,0.5,0.090155,8.7598,0.10873333333333333,0.5489,28.5,0.0185,0.0044,0.0943,0.0517
PAIRWISE_E22_VA L_TO_CLEV_RandomForest,VA Long Beach,Cleveland,RandomForest,12.58,0.026,-9.66,27.5,1.7077,-0.9334,0.1572,0.8667,0.2,0.008252,8.7598,0.10873333333333333,0.5489,28.5,0.0294,0.0158,0.053,0.0247
PAIRWISE_E23_VA L_TO_CLEV_SVM,VA Long Beach,Cleveland,SVM,2.99,0.1055,-4.47,2.11,1.0479,-1.0209,0.2408,0.8788,1.0,0.00679,8.7598,0.10873333333333333,0.5489,28.5,0.0016,-0.0224,0.007,-0.0373
PAIRWISE_E24_VA L_TO_CLEV_XGBoost,VA Long Beach,Cleveland,XGBoost,16.67,-0.0054,-8.55,42.58,1.184,-0.5991,0.1105,0.9273,1.0,0.039823,8.7598,0.10873333333333333,0.5489,28.5,0.0456,0.0402,0.0988,0.0494
