grouping_level,group_name,n_experiments,median_external_auc,iqr_external_auc,min_external_auc,max_external_auc,median_delta_auc,iqr_delta_auc,min_delta_auc,max_delta_auc,median_external_brier,iqr_external_brier,median_delta_brier,iqr_delta_brier,min_delta_brier,max_delta_brier,median_external_ece,iqr_external_ece,median_delta_ece,iqr_delta_ece,median_shap_stability,iqr_shap_stability,min_shap_stability,max_shap_stability,median_wasserstein,median_prevalence_delta_pct
Overall,All Experiments (N=24),24,81.49,9.3075,64.74,87.73,-1.16,15.8225,-14.85,23.84,0.1636,0.0316,0.0191,0.0485,-0.0178,0.3772,0.0946,0.1979,-0.0273,0.2018,0.9212,0.0757,0.5636,0.9879,8.6486,28.5
Model,LogisticRegression,6,79.66,11.6675,64.74,87.09,-3.1,13.845,-14.85,14.07,0.1619,0.0097,0.017,0.0452,-0.0178,0.3193,0.0786,0.1416,-0.0472,0.1458,0.9212,0.0302,0.7455,0.9879,8.6486,28.5
Model,RandomForest,6,81.49,5.05,75.34,87.73,-0.78,14.335,-11.46,19.83,0.1638,0.0384,0.0208,0.0127,-0.011,0.2756,0.1268,0.1725,0.0098,0.1737,0.9454,0.0667,0.8667,0.9879,8.6486,28.5
Model,SVM,6,75.82,10.01,67.87,87.38,-2.92,10.2275,-14.07,23.84,0.1735,0.0935,0.0375,0.07,-0.0027,0.3772,0.1668,0.1894,0.0594,0.1935,0.8364,0.1121,0.5636,0.9273,8.6486,28.5
Model,XGBoost,6,82.24,6.415,75.64,87.6,-1.89,21.3875,-10.49,22.27,0.1584,0.0197,0.0031,0.0298,-0.0143,0.2478,0.0938,0.1651,-0.0288,0.1581,0.9334,0.0666,0.8303,0.9879,8.6486,28.5
Transfer_Pair,Cleveland -> Hungarian,4,87.49,0.325,87.09,87.73,0.6,0.8275,0.17,1.47,0.1389,0.0033,-0.0102,0.0042,-0.0143,-0.0027,0.0817,0.0156,-0.0344,0.0156,0.9879,0.0151,0.9273,0.9879,4.7874,9.69
Transfer_Pair,Cleveland -> VA Long Beach,4,75.49,0.915,73.05,75.81,-11.28,1.1575,-14.07,-10.49,0.1622,0.0061,0.0154,0.0059,0.005,0.0267,0.0789,0.0155,-0.0441,0.0121,0.9152,0.0485,0.8303,0.9515,8.7598,28.5
Transfer_Pair,Cleveland -> Zurich,4,77.56,3.8875,72.07,81.41,-9.07,3.175,-14.85,-5.39,0.1634,0.0021,0.0168,0.0078,0.0011,0.0193,0.28,0.0281,0.1653,0.0207,0.897,0.0758,0.7939,0.9879,8.6486,47.63
Transfer_Pair,Hungarian -> Cleveland,4,84.16,2.135,82.3,86.94,-5.66,1.605,-6.37,-2.5,0.1623,0.0128,0.0407,0.0169,0.0281,0.0497,0.0804,0.0139,-0.0314,0.0112,0.9394,0.0424,0.7818,0.9515,4.7874,9.69
Transfer_Pair,VA Long Beach -> Cleveland,4,81.44,6.075,67.87,85.06,13.32,4.5375,2.99,16.67,0.1931,0.0507,0.0103,0.0544,-0.0178,0.1055,0.1338,0.0842,0.011,0.1202,0.8728,0.0545,0.7455,0.9273,8.7598,28.5
Transfer_Pair,Zurich -> Cleveland,4,76.18,12.3525,64.74,81.84,21.05,6.4975,5.17,23.84,0.3717,0.0778,0.2974,0.0651,0.2478,0.3772,0.3932,0.0414,0.3186,0.0546,0.9091,0.1091,0.5636,0.9636,8.6486,47.63
