experiment_id,train_dataset,test_dataset,transfer_pair,model,n_train,n_test,train_positive_rate,test_positive_rate,internal_roc_auc,external_roc_auc,auc_change,internal_brier,external_brier,brier_change,internal_ece,external_ece,ece_change,internal_cal_slope,external_calibration_slope,cal_slope_change,internal_cal_intercept,external_calibration_intercept,cal_intercept_change,abs_prevalence_delta_pct,mean_wasserstein_distance,mean_jsd,mean_abs_smd,spearman_rank_correlation,kendall_rank_correlation,top3_overlap,top5_overlap,is_zurich_transfer
PAIRWISE_E1_CLEV_TO_HUNG_LogisticRegression,Cleveland,Hungarian,Cleveland -> Hungarian,LogisticRegression,303,293,0.4587,0.3618,86.922,87.09,0.17,0.1449,0.1356,-0.0093,0.1341,0.0608,-0.0733,0.9684,0.8905,-0.0779,-0.0227,-0.3641,-0.3414,9.69,4.78745,0.08015,0.4319,0.9879,0.9556,0.5,1.0,False
PAIRWISE_E2_CLEV_TO_HUNG_RandomForest,Cleveland,Hungarian,Cleveland -> Hungarian,RandomForest,303,293,0.4587,0.3618,86.8,87.73,0.93,0.1487,0.1377,-0.011,0.1336,0.0963,-0.0373,1.2411,1.087,-0.1541,0.0192,-0.5458,-0.565,9.69,4.78745,0.08015,0.4319,0.9879,0.9556,1.0,1.0,False
PAIRWISE_E3_CLEV_TO_HUNG_SVM,Cleveland,Hungarian,Cleveland -> Hungarian,SVM,303,293,0.4587,0.3618,87.118,87.38,0.26,0.1441,0.1414,-0.0027,0.1146,0.0862,-0.0284,1.1226,1.1266,0.004,-0.0087,-0.5368,-0.5281,9.69,4.78745,0.08015,0.4319,0.9273,0.8222,0.5,1.0,False
PAIRWISE_E4_CLEV_TO_HUNG_XGBoost,Cleveland,Hungarian,Cleveland -> Hungarian,XGBoost,303,293,0.4587,0.3618,86.134,87.6,1.47,0.1544,0.1401,-0.0143,0.1087,0.0772,-0.0315,0.8749,0.9244,0.0495,-0.0338,-0.5736,-0.5398,9.69,4.78745,0.08015,0.4319,0.9879,0.9556,1.0,1.0,False
PAIRWISE_E5_CLEV_TO_ZURI_LogisticRegression,Cleveland,Zurich,Cleveland -> Zurich,LogisticRegression,303,123,0.4587,0.935,86.922,72.07,-14.85,0.1449,0.1638,0.0189,0.1341,0.2464,0.1123,0.9684,0.4806,-0.4878,-0.0227,2.4042,2.4269,47.63,8.64855,0.0725166666666666,0.4173,0.9152,0.8222,0.5,1.0,True
PAIRWISE_E6_CLEV_TO_ZURI_RandomForest,Cleveland,Zurich,Cleveland -> Zurich,RandomForest,303,123,0.4587,0.935,86.8,81.41,-5.39,0.1487,0.1633,0.0146,0.1336,0.3023,0.1687,1.2411,1.5073,0.2662,0.0192,2.5693,2.5501,47.63,8.64855,0.0725166666666666,0.4173,0.9879,0.9556,1.0,1.0,True
PAIRWISE_E7_CLEV_TO_ZURI_SVM,Cleveland,Zurich,Cleveland -> Zurich,SVM,303,123,0.4587,0.935,87.118,78.59,-8.53,0.1441,0.1634,0.0193,0.1146,0.2894,0.1748,1.1226,0.9928,-0.1298,-0.0087,2.4317,2.4404,47.63,8.64855,0.0725166666666666,0.4173,0.7939,0.6444,0.2,1.0,True
PAIRWISE_E8_CLEV_TO_ZURI_XGBoost,Cleveland,Zurich,Cleveland -> Zurich,XGBoost,303,123,0.4587,0.935,86.134,76.52,-9.61,0.1544,0.1555,0.0011,0.1087,0.2706,0.1619,0.8749,0.9294,0.0545,-0.0338,2.4146,2.4484,47.63,8.64855,0.0725166666666666,0.4173,0.8788,0.7778,0.5,0.6667,True
PAIRWISE_E9_CLEV_TO_VA L_LogisticRegression,Cleveland,VA Long Beach,Cleveland -> VA Long Beach,LogisticRegression,303,199,0.4587,0.7437,86.922,75.81,-11.11,0.1449,0.16,0.0151,0.1341,0.0737,-0.0604,0.9684,0.6664,-0.302,-0.0227,0.2207,0.2434,28.5,8.7598,0.1087333333333333,0.5489,0.9273,0.8222,0.5,1.0,False
PAIRWISE_E10_CLEV_TO_VA L_RandomForest,Cleveland,VA Long Beach,Cleveland -> VA Long Beach,RandomForest,303,199,0.4587,0.7437,86.8,75.34,-11.46,0.1487,0.1644,0.0157,0.1336,0.0926,-0.041,1.2411,0.7605,-0.4806,0.0192,0.4646,0.4454,28.5,8.7598,0.1087333333333333,0.5489,0.9515,0.8667,0.5,0.6667,False
PAIRWISE_E11_CLEV_TO_VA L_SVM,Cleveland,VA Long Beach,Cleveland -> VA Long Beach,SVM,303,199,0.4587,0.7437,87.118,73.05,-14.07,0.1441,0.1708,0.0267,0.1146,0.0841,-0.0305,1.1226,0.6708,-0.4518,-0.0087,0.4216,0.4303,28.5,8.7598,0.1087333333333333,0.5489,0.903,0.7778,0.5,1.0,False
PAIRWISE_E12_CLEV_TO_VA L_XGBoost,Cleveland,VA Long Beach,Cleveland -> VA Long Beach,XGBoost,303,199,0.4587,0.7437,86.134,75.64,-10.49,0.1544,0.1594,0.005,0.1087,0.0616,-0.0471,0.8749,0.6941,-0.1808,-0.0338,0.3137,0.3475,28.5,8.7598,0.1087333333333333,0.5489,0.8303,0.7333,0.5,0.6667,False
PAIRWISE_E13_HUNG_TO_CLEV_LogisticRegression,Hungarian,Cleveland,Hungarian -> Cleveland,LogisticRegression,293,303,0.3618,0.4587,89.878,83.51,-6.37,0.1175,0.1672,0.0497,0.1175,0.0834,-0.0341,1.0656,0.6399,-0.4257,0.0369,0.2454,0.2085,9.69,4.78745,0.08015,0.4319,0.9515,0.8667,0.5,1.0,False
PAIRWISE_E14_HUNG_TO_CLEV_RandomForest,Hungarian,Cleveland,Hungarian -> Cleveland,RandomForest,293,303,0.3618,0.4587,89.438,86.94,-2.5,0.1261,0.1542,0.0281,0.1062,0.0775,-0.0287,1.3674,1.418,0.0506,0.2135,0.5939,0.3804,9.69,4.78745,0.08015,0.4319,0.9394,0.8222,1.0,0.6667,False
PAIRWISE_E15_HUNG_TO_CLEV_SVM,Hungarian,Cleveland,Hungarian -> Cleveland,SVM,293,303,0.3618,0.4587,88.392,82.3,-6.09,0.1279,0.1762,0.0483,0.1157,0.0928,-0.0229,1.2593,1.315,0.0557,0.3257,0.5045,0.1788,9.69,4.78745,0.08015,0.4319,0.7818,0.5556,0.5,1.0,False
PAIRWISE_E16_HUNG_TO_CLEV_XGBoost,Hungarian,Cleveland,Hungarian -> Cleveland,XGBoost,293,303,0.3618,0.4587,90.05,84.81,-5.24,0.1244,0.1574,0.033,0.1062,0.0548,-0.0514,1.087,0.983,-0.104,0.0989,0.2703,0.1714,9.69,4.78745,0.08015,0.4319,0.9394,0.8222,1.0,0.6667,False
PAIRWISE_E17_ZURI_TO_CLEV_LogisticRegression,Zurich,Cleveland,Zurich -> Cleveland,LogisticRegression,123,303,0.935,0.4587,59.566,64.74,5.17,0.0822,0.4015,0.3193,0.0681,0.4049,0.3368,0.0442,0.4309,0.3867,2.8911,-1.193,-4.0841,47.63,8.64855,0.0725166666666666,0.4173,0.9152,0.8222,0.5,1.0,True
PAIRWISE_E18_ZURI_TO_CLEV_RandomForest,Zurich,Cleveland,Zurich -> Cleveland,RandomForest,123,303,0.935,0.4587,61.74,81.57,19.83,0.0662,0.3418,0.2756,0.0811,0.3816,0.3005,0.4085,0.9064,0.4979,1.4759,-2.0703,-3.5462,47.63,8.64855,0.0725166666666666,0.4173,0.903,0.7778,1.0,0.6667,True
PAIRWISE_E19_ZURI_TO_CLEV_SVM,Zurich,Cleveland,Zurich -> Cleveland,SVM,123,303,0.935,0.4587,46.956,70.8,23.84,0.0681,0.4453,0.3772,0.0564,0.4541,0.3977,-1.1934,2.1977,3.3911,6.0998,-5.5325,-11.6323,47.63,8.64855,0.0725166666666666,0.4173,0.5636,0.5111,0.5,0.6667,True
PAIRWISE_E20_ZURI_TO_CLEV_XGBoost,Zurich,Cleveland,Zurich -> Cleveland,XGBoost,123,303,0.935,0.4587,59.566,81.84,22.27,0.0655,0.3133,0.2478,0.07,0.3583,0.2883,0.0049,0.9667,0.9618,3.425,-2.2254,-5.6504,47.63,8.64855,0.0725166666666666,0.4173,0.9636,0.8667,0.5,0.6667,True
PAIRWISE_E21_VA L_TO_CLEV_LogisticRegression,VA Long Beach,Cleveland,VA Long Beach -> Cleveland,LogisticRegression,199,303,0.7437,0.4587,70.988,85.06,14.07,0.1733,0.1555,-0.0178,0.16,0.044,-0.116,0.8756,1.2099,0.3343,0.2291,0.1092,-0.1199,28.5,8.7598,0.1087333333333333,0.5489,0.7455,0.6444,0.5,0.6667,False
PAIRWISE_E22_VA L_TO_CLEV_RandomForest,VA Long Beach,Cleveland,VA Long Beach -> Cleveland,RandomForest,199,303,0.7437,0.4587,67.684,80.26,12.58,0.1791,0.2051,0.026,0.109,0.1572,0.0482,0.8421,1.7077,0.8656,0.2501,-0.9334,-1.1835,28.5,8.7598,0.1087333333333333,0.5489,0.8667,0.6889,0.2,1.0,False
PAIRWISE_E23_VA L_TO_CLEV_SVM,VA Long Beach,Cleveland,VA Long Beach -> Cleveland,SVM,199,303,0.7437,0.4587,64.878,67.87,2.99,0.1808,0.2863,0.1055,0.0991,0.2408,0.1417,1.6866,1.0479,-0.6387,-0.6913,-1.0209,-0.3296,28.5,8.7598,0.1087333333333333,0.5489,0.8788,0.7333,1.0,0.6667,False
PAIRWISE_E24_VA L_TO_CLEV_XGBoost,VA Long Beach,Cleveland,VA Long Beach -> Cleveland,XGBoost,199,303,0.7437,0.4587,65.958,82.63,16.67,0.1865,0.1811,-0.0054,0.1366,0.1105,-0.0261,0.5483,1.184,0.6357,0.4876,-0.5991,-1.0867,28.5,8.7598,0.1087333333333333,0.5489,0.9273,0.7778,1.0,0.6667,False
