analysis_tier,comparison_name,var_x,var_y,n_observations,spearman_rho,p_value,expected_direction,cluster_boot_median,cluster_boot_ci_lower,cluster_boot_ci_upper,standard_boot_ci_lower,standard_boot_ci_upper,interpretation_note
Primary,Prevalence Shift vs External ECE,abs_prevalence_delta_pct,external_ece,24,0.7593,2e-05,Positive,0.7593,0.1206,0.8706,0.4556,0.8992,Primary experiment-level observational correlation across 24 experiments.
Primary,Prevalence Shift vs Brier Degradation,abs_prevalence_delta_pct,brier_change,24,0.3391,0.105,Positive,0.3569,-0.6712,0.8706,-0.1302,0.6822,Primary experiment-level observational correlation across 24 experiments.
Primary,Mean Wasserstein vs AUC Degradation,mean_wasserstein_distance,auc_change,24,-0.0516,0.81074,Negative,-0.0384,-0.8208,0.7826,-0.4738,0.3855,Primary experiment-level observational correlation across 24 experiments.
Primary,Mean Wasserstein vs SHAP Stability,mean_wasserstein_distance,spearman_rank_correlation,24,-0.4405,0.03123,Negative,-0.4232,-0.7336,-0.0179,-0.731,-0.071,Primary experiment-level observational correlation across 24 experiments.
Secondary,SHAP Stability vs AUC Degradation,spearman_rank_correlation,auc_change,24,-0.0602,0.77974,Positive,-0.1005,-0.4301,0.6039,-0.4766,0.3649,Secondary exploratory correlation evaluating explanation-performance coupling.
Secondary,SHAP Stability vs Brier Degradation,spearman_rank_correlation,brier_change,24,-0.2785,0.1875,Negative,-0.2704,-0.7123,0.2153,-0.6789,0.2085,Secondary exploratory correlation evaluating explanation-performance coupling.
Robustness (Zurich-Excluded),Prevalence Shift vs External ECE [No Zurich],abs_prevalence_delta_pct,external_ece,16,0.1898,0.48136,Positive,0.1898,-0.1091,0.4364,-0.3668,0.6496,"Prespecified sensitivity excluding small, high-prevalence Zurich transfers."
Robustness (Zurich-Excluded),Prevalence Shift vs Brier Degradation [No Zurich],abs_prevalence_delta_pct,brier_change,16,-0.0271,0.9206,Positive,-0.0271,-0.8588,0.8729,-0.5361,0.4895,"Prespecified sensitivity excluding small, high-prevalence Zurich transfers."
Robustness (Zurich-Excluded),Mean Wasserstein vs AUC Degradation [No Zurich],mean_wasserstein_distance,auc_change,16,0.0,1.0,Negative,0.0,-0.8729,0.8729,-0.62,0.6186,"Prespecified sensitivity excluding small, high-prevalence Zurich transfers."
Robustness (Zurich-Excluded),Mean Wasserstein vs SHAP Stability [No Zurich],mean_wasserstein_distance,spearman_rank_correlation,16,-0.56,0.02407,Negative,-0.56,-0.8438,-0.1463,-0.8667,-0.0566,"Prespecified sensitivity excluding small, high-prevalence Zurich transfers."
Sensitivity (Transfer-Level N=6),Prevalence Shift vs External ECE [Transfer Medians],abs_prevalence_delta_pct,external_ece,6,0.7171,0.1087,Positive,,,,-0.3015,1.0,Cluster-level median sensitivity analysis addressing within-pair correlation.
Sensitivity (Transfer-Level N=6),Prevalence Shift vs Brier Degradation [Transfer Medians],abs_prevalence_delta_pct,brier_change,6,0.4781,0.3375,Positive,,,,-0.787,1.0,Cluster-level median sensitivity analysis addressing within-pair correlation.
Sensitivity (Transfer-Level N=6),Mean Wasserstein vs AUC Degradation [Transfer Medians],mean_wasserstein_distance,auc_change,6,-0.1195,0.82157,Negative,,,,-1.0,0.8262,Cluster-level median sensitivity analysis addressing within-pair correlation.
Sensitivity (Transfer-Level N=6),Mean Wasserstein vs SHAP Stability [Transfer Medians],mean_wasserstein_distance,spearman_rank_correlation,6,-0.7171,0.1087,Negative,,,,-1.0,0.3015,Cluster-level median sensitivity analysis addressing within-pair correlation.
