experiment_id,track,train_dataset,test_dataset,model,n_train,n_test,train_positive_rate,test_positive_rate,internal_roc_auc,external_roc_auc,auc_ci_lower,auc_ci_upper,auc_change,internal_pr_auc,external_pr_auc,pr_auc_change,internal_brier,external_brier,brier_ci_lower,brier_ci_upper,brier_change,external_accuracy,external_sensitivity,internal_sensitivity,sensitivity_change,external_specificity,internal_specificity,specificity_change,external_precision,external_f1,external_mcc,internal_mcc,mcc_change,external_ece,external_calibration_intercept,external_calibration_slope,ci_notes,random_seed
LODO_E1_POOL_TO_VA L_LogisticRegression,Track_B,Cleveland + Hungarian + Zurich,VA Long Beach,LogisticRegression,719,199,0.5007,0.7437,86.922,76.15,68.44,83.31,-10.77,86.932,89.27,2.34,0.1449,0.1609,0.1276,0.1971,0.016,76.88,91.22,76.27,14.95,35.29,82.388,-47.1,80.36,85.44,0.3192,0.5923,-0.2731,0.0869,0.1158,0.6753,Standard bootstrap (B=1000),42
LODO_E2_POOL_TO_VA L_RandomForest,Track_B,Cleveland + Hungarian + Zurich,VA Long Beach,RandomForest,719,199,0.5007,0.7437,86.8,73.13,64.61,81.41,-13.67,86.618,87.03,0.41,0.1487,0.1668,0.1352,0.2004,0.0181,75.38,88.51,74.074,14.44,37.25,79.926,-42.68,80.37,84.24,0.2923,0.5442,-0.2519,0.0613,0.3948,0.6753,Standard bootstrap (B=1000),42
LODO_E3_POOL_TO_VA L_SVM,Track_B,Cleveland + Hungarian + Zurich,VA Long Beach,SVM,719,199,0.5007,0.7437,87.118,71.32,62.54,80.26,-15.8,87.312,83.76,-3.55,0.1441,0.1696,0.1346,0.2053,0.0255,76.88,89.86,76.268,13.59,39.22,83.6,-44.38,81.1,85.26,0.3335,0.6061,-0.2726,0.065,0.379,0.6157,Standard bootstrap (B=1000),42
LODO_E4_POOL_TO_VA L_XGBoost,Track_B,Cleveland + Hungarian + Zurich,VA Long Beach,XGBoost,719,199,0.5007,0.7437,86.134,72.79,64.14,80.78,-13.34,85.224,87.02,1.8,0.1544,0.1681,0.1323,0.206,0.0137,77.39,89.86,74.79,15.07,41.18,77.52,-36.34,81.6,85.53,0.3521,0.5287,-0.1766,0.0637,0.3455,0.5956,Standard bootstrap (B=1000),42
LODO_E5_POOL_TO_ZURI_LogisticRegression,Track_B,Cleveland + Hungarian + VA Long Beach,Zurich,LogisticRegression,795,123,0.4943,0.935,86.922,71.52,45.03,92.56,-15.4,86.932,96.45,9.52,0.1449,0.1918,0.1507,0.2364,0.0469,70.73,71.3,76.27,-4.97,62.5,82.388,-19.89,96.47,82.0,0.1804,0.5923,-0.4119,0.3047,2.5582,0.5154,Zurich n_neg=8; bootstrap variance is elevated,42
LODO_E6_POOL_TO_ZURI_RandomForest,Track_B,Cleveland + Hungarian + VA Long Beach,Zurich,RandomForest,795,123,0.4943,0.935,86.8,78.59,54.53,97.07,-8.21,86.618,97.57,10.95,0.1487,0.1717,0.1412,0.2031,0.023,71.54,72.17,74.074,-1.9,62.5,79.926,-17.43,96.51,82.59,0.1864,0.5442,-0.3578,0.3148,2.6361,1.2954,Zurich n_neg=8; bootstrap variance is elevated,42
LODO_E7_POOL_TO_ZURI_SVM,Track_B,Cleveland + Hungarian + VA Long Beach,Zurich,SVM,795,123,0.4943,0.935,87.118,78.15,61.11,91.74,-8.97,87.312,98.12,10.81,0.1441,0.1902,0.1505,0.2325,0.0461,69.11,68.7,76.268,-7.57,75.0,83.6,-8.6,97.53,80.61,0.2272,0.6061,-0.3789,0.3137,2.6088,0.8459,Zurich n_neg=8; bootstrap variance is elevated,42
LODO_E8_POOL_TO_ZURI_XGBoost,Track_B,Cleveland + Hungarian + VA Long Beach,Zurich,XGBoost,795,123,0.4943,0.935,86.134,76.63,51.42,96.22,-9.5,85.224,97.14,11.92,0.1544,0.172,0.1374,0.2081,0.0176,72.36,73.04,74.79,-1.75,62.5,77.52,-15.02,96.55,83.17,0.1926,0.5287,-0.3361,0.3029,2.6025,0.9806,Zurich n_neg=8; bootstrap variance is elevated,42
LODO_E9_POOL_TO_HUNG_LogisticRegression,Track_B,Cleveland + Zurich + VA Long Beach,Hungarian,LogisticRegression,625,293,0.6432,0.3618,86.922,87.78,83.29,91.79,0.86,86.932,83.76,-3.17,0.1449,0.1503,0.1273,0.1735,0.0054,78.5,83.96,76.27,7.69,75.4,82.388,-6.99,65.93,73.86,0.5723,0.5923,-0.02,0.1279,-0.886,1.1145,Standard bootstrap (B=1000),42
LODO_E10_POOL_TO_HUNG_RandomForest,Track_B,Cleveland + Zurich + VA Long Beach,Hungarian,RandomForest,625,293,0.6432,0.3618,86.8,86.64,81.97,90.66,-0.16,86.618,81.06,-5.56,0.1487,0.1785,0.1534,0.202,0.0298,73.72,90.57,74.074,16.5,64.17,79.926,-15.76,58.9,71.38,0.5294,0.5442,-0.0148,0.1765,-1.2102,1.1969,Standard bootstrap (B=1000),42
LODO_E11_POOL_TO_HUNG_SVM,Track_B,Cleveland + Zurich + VA Long Beach,Hungarian,SVM,625,293,0.6432,0.3618,87.118,87.27,83.0,91.06,0.15,87.312,78.15,-9.16,0.1441,0.1685,0.1403,0.1952,0.0244,77.13,89.62,76.268,13.35,70.05,83.6,-13.55,62.91,73.93,0.5738,0.6061,-0.0323,0.146,-1.0485,1.0574,Standard bootstrap (B=1000),42
LODO_E12_POOL_TO_HUNG_XGBoost,Track_B,Cleveland + Zurich + VA Long Beach,Hungarian,XGBoost,625,293,0.6432,0.3618,86.134,87.54,83.08,91.63,1.41,85.224,82.22,-3.0,0.1544,0.1656,0.1387,0.1915,0.0112,75.09,85.85,74.79,11.06,68.98,77.52,-8.54,61.07,71.37,0.527,0.5287,-0.0017,0.1515,-1.0716,1.0422,Standard bootstrap (B=1000),42
LODO_E13_POOL_TO_CLEV_LogisticRegression,Track_B,Hungarian + Zurich + VA Long Beach,Cleveland,LogisticRegression,615,303,0.6,0.4587,86.922,85.85,81.45,90.0,-1.07,86.932,86.03,-0.9,0.1449,0.15,0.1272,0.1733,0.0051,78.22,75.54,76.27,-0.73,80.49,82.388,-1.9,76.64,76.09,0.5609,0.5923,-0.0314,0.0642,-0.1475,1.0133,Standard bootstrap (B=1000),42
LODO_E14_POOL_TO_CLEV_RandomForest,Track_B,Hungarian + Zurich + VA Long Beach,Cleveland,RandomForest,615,303,0.6,0.4587,86.8,86.26,82.03,90.09,-0.54,86.618,85.0,-1.62,0.1487,0.1607,0.1413,0.1809,0.012,76.9,85.61,74.074,11.54,69.51,79.926,-10.42,70.41,77.27,0.5531,0.5442,0.0089,0.1041,-0.5564,1.3766,Standard bootstrap (B=1000),42
LODO_E15_POOL_TO_CLEV_SVM,Track_B,Hungarian + Zurich + VA Long Beach,Cleveland,SVM,615,303,0.6,0.4587,87.118,83.48,78.74,87.96,-3.64,87.312,77.11,-10.2,0.1441,0.1778,0.1546,0.2019,0.0337,72.28,85.61,76.268,9.34,60.98,83.6,-22.62,65.03,73.91,0.4747,0.6061,-0.1314,0.1204,-0.5975,1.1667,Standard bootstrap (B=1000),42
LODO_E16_POOL_TO_CLEV_XGBoost,Track_B,Hungarian + Zurich + VA Long Beach,Cleveland,XGBoost,615,303,0.6,0.4587,86.134,85.43,80.73,89.68,-0.7,85.224,82.46,-2.76,0.1544,0.1616,0.1374,0.1858,0.0072,75.91,82.01,74.79,7.22,70.73,77.52,-6.79,70.37,75.75,0.5269,0.5287,-0.0018,0.0902,-0.485,1.068,Standard bootstrap (B=1000),42
