cohort,feature,total_n,n_missing,pct_missing,missingness_present,target_odds_ratio,target_association_pvalue,age_correlation,sex_correlation,mechanism_classification
Cleveland,age,303,0,0.0,False,,,,,Descriptive statistical association (observational; non-causal)
Cleveland,sex,303,0,0.0,False,,,,,Descriptive statistical association (observational; non-causal)
Cleveland,cp,303,0,0.0,False,,,,,Descriptive statistical association (observational; non-causal)
Cleveland,trestbps,303,0,0.0,False,,,,,Descriptive statistical association (observational; non-causal)
Cleveland,fbs,303,0,0.0,False,,,,,Descriptive statistical association (observational; non-causal)
Cleveland,restecg,303,0,0.0,False,,,,,Descriptive statistical association (observational; non-causal)
Cleveland,thalach,303,0,0.0,False,,,,,Descriptive statistical association (observational; non-causal)
Cleveland,exang,303,0,0.0,False,,,,,Descriptive statistical association (observational; non-causal)
Cleveland,oldpeak,303,0,0.0,False,,,,,Descriptive statistical association (observational; non-causal)
Cleveland,slope,303,0,0.0,False,,,,,Descriptive statistical association (observational; non-causal)
Hungarian,age,293,0,0.0,False,,,,,Descriptive statistical association (observational; non-causal)
Hungarian,sex,293,0,0.0,False,,,,,Descriptive statistical association (observational; non-causal)
Hungarian,cp,293,0,0.0,False,,,,,Descriptive statistical association (observational; non-causal)
Hungarian,trestbps,293,1,0.34,True,0.0,1.0,0.001,-0.095,Descriptive statistical association (observational; non-causal)
Hungarian,fbs,293,8,2.73,True,0.58,0.71527,-0.015,-0.085,Descriptive statistical association (observational; non-causal)
Hungarian,restecg,293,1,0.34,True,inf,0.36177,0.054,0.036,Descriptive statistical association (observational; non-causal)
Hungarian,thalach,293,1,0.34,True,0.0,1.0,0.001,-0.095,Descriptive statistical association (observational; non-causal)
Hungarian,exang,293,1,0.34,True,0.0,1.0,0.001,-0.095,Descriptive statistical association (observational; non-causal)
Hungarian,oldpeak,293,0,0.0,False,,,,,Descriptive statistical association (observational; non-causal)
Hungarian,slope,293,189,64.51,True,0.09,0.0,-0.234,-0.038,Descriptive statistical association (observational; non-causal)
Zurich,age,123,0,0.0,False,,,,,Descriptive statistical association (observational; non-causal)
Zurich,sex,123,0,0.0,False,,,,,Descriptive statistical association (observational; non-causal)
Zurich,cp,123,0,0.0,False,,,,,Descriptive statistical association (observational; non-causal)
Zurich,trestbps,123,2,1.63,True,inf,1.0,-0.047,0.038,Descriptive statistical association (observational; non-causal)
Zurich,fbs,123,75,60.98,True,0.207,0.14768,-0.159,-0.055,Descriptive statistical association (observational; non-causal)
Zurich,restecg,123,1,0.81,True,inf,1.0,-0.215,0.027,Descriptive statistical association (observational; non-causal)
Zurich,thalach,123,1,0.81,True,inf,1.0,0.138,0.027,Descriptive statistical association (observational; non-causal)
Zurich,exang,123,1,0.81,True,inf,1.0,0.138,0.027,Descriptive statistical association (observational; non-causal)
Zurich,oldpeak,123,6,4.88,True,inf,1.0,-0.033,0.067,Descriptive statistical association (observational; non-causal)
Zurich,slope,123,17,13.82,True,inf,0.59773,-0.038,-0.139,Descriptive statistical association (observational; non-causal)
VA Long Beach,age,199,0,0.0,False,,,,,Descriptive statistical association (observational; non-causal)
VA Long Beach,sex,199,0,0.0,False,,,,,Descriptive statistical association (observational; non-causal)
VA Long Beach,cp,199,0,0.0,False,,,,,Descriptive statistical association (observational; non-causal)
VA Long Beach,trestbps,199,57,28.64,True,0.582,0.15015,0.007,0.047,Descriptive statistical association (observational; non-causal)
VA Long Beach,fbs,199,7,3.52,True,2.113,0.68027,-0.089,0.034,Descriptive statistical association (observational; non-causal)
VA Long Beach,restecg,199,0,0.0,False,,,,,Descriptive statistical association (observational; non-causal)
VA Long Beach,thalach,199,53,26.63,True,0.502,0.06527,0.007,0.04,Descriptive statistical association (observational; non-causal)
VA Long Beach,exang,199,53,26.63,True,0.502,0.06527,0.007,0.04,Descriptive statistical association (observational; non-causal)
VA Long Beach,oldpeak,199,56,28.14,True,0.442,0.01961,-0.004,0.045,Descriptive statistical association (observational; non-causal)
VA Long Beach,slope,199,101,50.75,True,0.326,0.00114,-0.057,0.003,Descriptive statistical association (observational; non-causal)
