experiment_id,train_dataset,test_dataset,model,primary_auc,primary_brier,primary_ece,test_cc_auc,test_cc_brier,test_cc_ece,test_cc_status,full_cc_auc,full_cc_brier,full_cc_ece,full_cc_status,indicator_auc,indicator_brier,indicator_ece,n_train_total,n_train_cc,n_test_total,n_test_cc
EXP_PAIRWISE_CLEV_TO_HUNG_LogisticRegression,Cleveland,Hungarian,LogisticRegression,87.09,0.1356,0.0608,85.24,0.1369,0.0479,Valid (N_test_cc=100),85.24,0.1369,0.0479,"Valid (N_tr_cc=303, N_te_cc=100)",87.55,0.1345,0.0646,303,303,293,100
EXP_PAIRWISE_CLEV_TO_HUNG_RandomForest,Cleveland,Hungarian,RandomForest,87.68,0.1379,0.0916,83.39,0.1441,0.0671,Valid (N_test_cc=100),83.39,0.1441,0.0671,"Valid (N_tr_cc=303, N_te_cc=100)",88.51,0.1375,0.0986,303,303,293,100
EXP_PAIRWISE_CLEV_TO_HUNG_SVM,Cleveland,Hungarian,SVM,87.38,0.1414,0.0862,83.2,0.1421,0.0637,Valid (N_test_cc=100),83.2,0.1421,0.0637,"Valid (N_tr_cc=303, N_te_cc=100)",87.45,0.1419,0.0938,303,303,293,100
EXP_PAIRWISE_CLEV_TO_HUNG_XGBoost,Cleveland,Hungarian,XGBoost,87.6,0.1401,0.0772,84.56,0.143,0.1211,Valid (N_test_cc=100),84.56,0.143,0.1211,"Valid (N_tr_cc=303, N_te_cc=100)",88.04,0.1402,0.0887,303,303,293,100
EXP_PAIRWISE_CLEV_TO_ZURI_LogisticRegression,Cleveland,Zurich,LogisticRegression,72.07,0.1638,0.2464,82.22,0.1036,0.2151,Valid (N_test_cc=46),82.22,0.1036,0.2151,"Valid (N_tr_cc=303, N_te_cc=46)",71.85,0.1638,0.248,303,303,123,46
EXP_PAIRWISE_CLEV_TO_ZURI_RandomForest,Cleveland,Zurich,RandomForest,81.41,0.1629,0.3016,91.11,0.1414,0.2989,Valid (N_test_cc=46),91.11,0.1414,0.2989,"Valid (N_tr_cc=303, N_te_cc=46)",81.52,0.1628,0.3018,303,303,123,46
EXP_PAIRWISE_CLEV_TO_ZURI_SVM,Cleveland,Zurich,SVM,78.59,0.1634,0.2894,73.33,0.1228,0.2593,Valid (N_test_cc=46),73.33,0.1228,0.2593,"Valid (N_tr_cc=303, N_te_cc=46)",78.48,0.1646,0.2919,303,303,123,46
EXP_PAIRWISE_CLEV_TO_ZURI_XGBoost,Cleveland,Zurich,XGBoost,76.52,0.1555,0.2706,82.22,0.1292,0.2679,Valid (N_test_cc=46),82.22,0.1292,0.2679,"Valid (N_tr_cc=303, N_te_cc=46)",76.85,0.1536,0.2679,303,303,123,46
EXP_PAIRWISE_CLEV_TO_VA L_LogisticRegression,Cleveland,VA Long Beach,LogisticRegression,75.81,0.16,0.0737,68.38,0.1367,0.0803,Valid (N_test_cc=89),68.38,0.1367,0.0803,"Valid (N_tr_cc=303, N_te_cc=89)",73.32,0.1718,0.0857,303,303,199,89
EXP_PAIRWISE_CLEV_TO_VA L_RandomForest,Cleveland,VA Long Beach,RandomForest,75.44,0.1641,0.0908,73.78,0.1288,0.0624,Valid (N_test_cc=89),73.78,0.1288,0.0624,"Valid (N_tr_cc=303, N_te_cc=89)",72.63,0.1815,0.1278,303,303,199,89
EXP_PAIRWISE_CLEV_TO_VA L_SVM,Cleveland,VA Long Beach,SVM,73.05,0.1708,0.0841,70.27,0.1347,0.0996,Valid (N_test_cc=89),70.27,0.1347,0.0996,"Valid (N_tr_cc=303, N_te_cc=89)",69.81,0.1893,0.1276,303,303,199,89
EXP_PAIRWISE_CLEV_TO_VA L_XGBoost,Cleveland,VA Long Beach,XGBoost,75.64,0.1594,0.0616,70.54,0.1252,0.0843,Valid (N_test_cc=89),70.54,0.1252,0.0843,"Valid (N_tr_cc=303, N_te_cc=89)",73.85,0.1659,0.0878,303,303,199,89
EXP_PAIRWISE_HUNG_TO_CLEV_LogisticRegression,Hungarian,Cleveland,LogisticRegression,83.5,0.1672,0.0832,83.5,0.1672,0.0832,Valid (N_test_cc=303),78.51,0.2164,0.1813,"Valid (N_tr_cc=100, N_te_cc=303)",80.57,0.2008,0.1654,293,100,303,303
EXP_PAIRWISE_HUNG_TO_CLEV_RandomForest,Hungarian,Cleveland,RandomForest,86.84,0.1547,0.0816,86.84,0.1547,0.0816,Valid (N_test_cc=303),83.19,0.1651,0.0499,"Valid (N_tr_cc=100, N_te_cc=303)",86.7,0.1524,0.0997,293,100,303,303
EXP_PAIRWISE_HUNG_TO_CLEV_SVM,Hungarian,Cleveland,SVM,82.3,0.1767,0.0865,82.3,0.1767,0.0865,Valid (N_test_cc=303),76.93,0.2193,0.1315,"Valid (N_tr_cc=100, N_te_cc=303)",81.1,0.1754,0.0634,293,100,303,303
EXP_PAIRWISE_HUNG_TO_CLEV_XGBoost,Hungarian,Cleveland,XGBoost,84.81,0.1574,0.0548,84.81,0.1574,0.0548,Valid (N_test_cc=303),82.11,0.1754,0.0804,"Valid (N_tr_cc=100, N_te_cc=303)",85.28,0.1552,0.0581,293,100,303,303
EXP_PAIRWISE_ZURI_TO_CLEV_LogisticRegression,Zurich,Cleveland,LogisticRegression,64.99,0.3979,0.4021,64.99,0.3979,0.4021,Valid (N_test_cc=303),73.03,0.4553,0.4707,"Valid (N_tr_cc=46, N_te_cc=303)",67.81,0.4323,0.445,123,46,303,303
EXP_PAIRWISE_ZURI_TO_CLEV_RandomForest,Zurich,Cleveland,RandomForest,81.77,0.341,0.381,81.77,0.341,0.381,Valid (N_test_cc=303),76.5,0.4914,0.5074,"Valid (N_tr_cc=46, N_te_cc=303)",81.42,0.3779,0.412,123,46,303,303
EXP_PAIRWISE_ZURI_TO_CLEV_SVM,Zurich,Cleveland,SVM,70.85,0.4443,0.4534,70.85,0.4443,0.4534,Valid (N_test_cc=303),34.16,0.515,0.516,"Valid (N_tr_cc=46, N_te_cc=303)",75.34,0.4672,0.4716,123,46,303,303
EXP_PAIRWISE_ZURI_TO_CLEV_XGBoost,Zurich,Cleveland,XGBoost,81.84,0.3133,0.3583,81.84,0.3133,0.3583,Valid (N_test_cc=303),50.0,0.5191,0.5204,"Valid (N_tr_cc=46, N_te_cc=303)",82.72,0.366,0.4118,123,46,303,303
EXP_PAIRWISE_VA L_TO_CLEV_LogisticRegression,VA Long Beach,Cleveland,LogisticRegression,85.06,0.1555,0.0522,85.06,0.1555,0.0522,Valid (N_test_cc=303),80.51,0.1979,0.1351,"Valid (N_tr_cc=89, N_te_cc=303)",84.99,0.1579,0.0574,199,89,303,303
EXP_PAIRWISE_VA L_TO_CLEV_RandomForest,VA Long Beach,Cleveland,RandomForest,80.33,0.205,0.1622,80.33,0.205,0.1622,Valid (N_test_cc=303),80.02,0.2225,0.1946,"Valid (N_tr_cc=89, N_te_cc=303)",80.19,0.2341,0.2129,199,89,303,303
EXP_PAIRWISE_VA L_TO_CLEV_SVM,VA Long Beach,Cleveland,SVM,67.68,0.2884,0.2449,67.68,0.2884,0.2449,Valid (N_test_cc=303),68.97,0.3421,0.3239,"Valid (N_tr_cc=89, N_te_cc=303)",67.69,0.3067,0.2887,199,89,303,303
EXP_PAIRWISE_VA L_TO_CLEV_XGBoost,VA Long Beach,Cleveland,XGBoost,82.63,0.1811,0.1105,82.63,0.1811,0.1105,Valid (N_test_cc=303),81.23,0.2164,0.1925,"Valid (N_tr_cc=89, N_te_cc=303)",81.64,0.2018,0.1612,199,89,303,303
