train_dataset,test_dataset,model,dev_pred_mean,dev_pred_median,dev_pred_std,dev_pred_pos_rate_50,ext_pred_mean,ext_pred_median,ext_pred_std,ext_pred_pos_rate_50,pred_mean_delta,pred_pos_rate_delta
Cleveland,Hungarian,LogisticRegression,0.4614,0.4044,0.3328,0.4455,0.4071,0.2871,0.3359,0.3959,-0.0543,-0.0496
Cleveland,Hungarian,RandomForest,0.4629,0.4448,0.2923,0.4488,0.4418,0.368,0.3043,0.3788,-0.0211,-0.07
Cleveland,Hungarian,SVM,0.4624,0.4237,0.311,0.4389,0.4415,0.3603,0.2996,0.4061,-0.0209,-0.0328
Cleveland,Hungarian,XGBoost,0.4619,0.4562,0.3392,0.4653,0.4374,0.3758,0.3338,0.3857,-0.0245,-0.0797
Cleveland,VA Long Beach,LogisticRegression,0.4614,0.4044,0.3328,0.4455,0.7563,0.8501,0.2385,0.8342,0.295,0.3886
Cleveland,VA Long Beach,RandomForest,0.4629,0.4448,0.2923,0.4488,0.6903,0.7233,0.2289,0.8141,0.2274,0.3652
Cleveland,VA Long Beach,SVM,0.4624,0.4237,0.311,0.4389,0.7172,0.804,0.2253,0.8241,0.2548,0.3852
Cleveland,VA Long Beach,XGBoost,0.4619,0.4562,0.3392,0.4653,0.7334,0.8058,0.2351,0.8442,0.2714,0.3789
Cleveland,Zurich,LogisticRegression,0.4614,0.4044,0.3328,0.4455,0.6886,0.7867,0.2613,0.7642,0.2272,0.3187
Cleveland,Zurich,RandomForest,0.4629,0.4448,0.2923,0.4488,0.634,0.6262,0.2097,0.7154,0.171,0.2666
Cleveland,Zurich,SVM,0.4624,0.4237,0.311,0.4389,0.6455,0.6963,0.2166,0.7398,0.1831,0.3009
Cleveland,Zurich,XGBoost,0.4619,0.4562,0.3392,0.4653,0.6651,0.6949,0.2282,0.748,0.2032,0.2826
Hungarian,Cleveland,LogisticRegression,0.3659,0.2084,0.3426,0.3174,0.4004,0.2699,0.3578,0.3795,0.0345,0.0621
Hungarian,Cleveland,RandomForest,0.3686,0.2657,0.3096,0.314,0.3924,0.3511,0.2588,0.3333,0.0238,0.0193
Hungarian,Cleveland,SVM,0.36,0.184,0.3175,0.3038,0.3951,0.349,0.2325,0.33,0.0351,0.0263
Hungarian,Cleveland,XGBoost,0.3615,0.1982,0.3397,0.3242,0.4161,0.3442,0.302,0.3828,0.0546,0.0586
VA Long Beach,Cleveland,LogisticRegression,0.7285,0.7916,0.1954,0.8442,0.4473,0.3986,0.2736,0.429,-0.2811,-0.4152
VA Long Beach,Cleveland,RandomForest,0.7379,0.7767,0.154,0.9095,0.5911,0.5913,0.174,0.6766,-0.1468,-0.233
VA Long Beach,Cleveland,SVM,0.7412,0.7722,0.1017,0.9698,0.681,0.7064,0.1115,0.9274,-0.0601,-0.0425
VA Long Beach,Cleveland,XGBoost,0.7507,0.8266,0.2023,0.8593,0.5556,0.5707,0.2529,0.5545,-0.1951,-0.3048
Zurich,Cleveland,LogisticRegression,0.9013,0.9375,0.1364,0.9593,0.8637,0.9193,0.138,0.9637,-0.0376,0.0043
Zurich,Cleveland,RandomForest,0.9261,0.9578,0.0902,1.0,0.8403,0.868,0.1211,1.0,-0.0858,0.0
Zurich,Cleveland,SVM,0.9187,0.9389,0.0815,1.0,0.9129,0.925,0.0371,1.0,-0.0058,0.0
Zurich,Cleveland,XGBoost,0.9301,0.9766,0.1011,0.9919,0.817,0.8942,0.168,0.9538,-0.1131,-0.0381
