experiment_id,train_dataset,test_dataset,model,raw_brier,platt_brier,iso_brier,platt_brier_delta,iso_brier_delta,raw_ece,platt_ece,iso_ece,platt_ece_delta,iso_ece_delta,raw_slope,platt_slope,iso_slope,raw_intercept,platt_intercept,iso_intercept,raw_roc_auc,platt_roc_auc,iso_roc_auc,raw_sensitivity,platt_sensitivity,iso_sensitivity,raw_specificity,platt_specificity,iso_specificity
RECAL_E1_CLEV_TO_HUNG_LogisticRegression,Cleveland,Hungarian,LogisticRegression,0.1356,0.1349,0.1424,-0.0007,0.0068,0.0608,0.0601,0.0691,-0.0007,0.0083,0.8905,0.9586,0.5352,-0.3641,-0.334,-0.4733,87.09,87.09,86.14,77.36,76.42,77.36,81.82,83.96,81.82
RECAL_E2_CLEV_TO_HUNG_RandomForest,Cleveland,Hungarian,RandomForest,0.1377,0.1359,0.1381,-0.0018,0.0004,0.0963,0.082,0.0932,-0.0143,-0.0031,1.087,0.9069,0.2905,-0.5458,-0.5463,-0.8569,87.73,87.73,86.96,76.42,76.42,80.19,83.96,83.96,81.28
RECAL_E3_CLEV_TO_HUNG_SVM,Cleveland,Hungarian,SVM,0.1414,0.1406,0.1429,-0.0008,0.0015,0.0862,0.0865,0.0765,0.0003,-0.0097,1.1266,1.0543,0.5819,-0.5368,-0.5232,-0.6422,87.38,87.38,85.86,76.42,76.42,66.98,79.68,80.21,90.91
RECAL_E4_CLEV_TO_HUNG_XGBoost,Cleveland,Hungarian,XGBoost,0.1401,0.1392,0.1444,-0.0009,0.0043,0.0772,0.0927,0.1156,0.0155,0.0384,0.9244,1.1,0.7277,-0.5736,-0.5269,-0.5448,87.6,87.6,87.47,76.42,76.42,68.87,82.89,84.49,89.84
RECAL_E5_CLEV_TO_ZURI_LogisticRegression,Cleveland,Zurich,LogisticRegression,0.1638,0.1662,0.1705,0.0024,0.0067,0.2464,0.2581,0.2413,0.0117,-0.0051,0.4806,0.5175,0.3428,2.4042,2.4199,2.3725,72.07,72.07,70.27,78.26,77.39,80.0,50.0,50.0,50.0
RECAL_E6_CLEV_TO_ZURI_RandomForest,Cleveland,Zurich,RandomForest,0.1633,0.1612,0.1731,-0.0021,0.0098,0.3023,0.2884,0.2927,-0.0139,-0.0096,1.5073,1.2576,1.2109,2.5693,2.5678,2.5836,81.41,81.41,81.03,73.91,73.91,82.61,62.5,62.5,62.5
RECAL_E7_CLEV_TO_ZURI_SVM,Cleveland,Zurich,SVM,0.1634,0.1642,0.17,0.0008,0.0066,0.2894,0.2858,0.2723,-0.0036,-0.0171,0.9928,0.93,0.7656,2.4317,2.4437,2.4364,78.59,78.59,77.93,76.52,76.52,62.61,62.5,62.5,75.0
RECAL_E8_CLEV_TO_ZURI_XGBoost,Cleveland,Zurich,XGBoost,0.1555,0.1629,0.1591,0.0074,0.0036,0.2706,0.2947,0.2889,0.0241,0.0183,0.9294,1.105,1.1111,2.4146,2.461,2.4113,76.52,76.52,75.38,77.39,74.78,62.61,62.5,62.5,62.5
RECAL_E9_CLEV_TO_VA L_LogisticRegression,Cleveland,VA Long Beach,LogisticRegression,0.16,0.1592,0.1625,-0.0008,0.0025,0.0737,0.0549,0.0802,-0.0188,0.0065,0.6664,0.7177,0.2115,0.2207,0.2427,0.5603,75.81,75.81,74.58,91.89,91.89,92.57,41.18,41.18,39.22
RECAL_E10_CLEV_TO_VA L_RandomForest,Cleveland,VA Long Beach,RandomForest,0.1644,0.1644,0.1682,0.0,0.0038,0.0926,0.0915,0.1079,-0.0011,0.0153,0.7605,0.6346,0.1502,0.4646,0.4638,0.6583,75.34,75.34,74.83,89.86,89.86,91.89,43.14,43.14,39.22
RECAL_E11_CLEV_TO_VA L_SVM,Cleveland,VA Long Beach,SVM,0.1708,0.1718,0.1837,0.001,0.0129,0.0841,0.0789,0.0958,-0.0052,0.0117,0.6708,0.6276,0.1084,0.4216,0.4299,0.7523,73.05,73.05,71.34,89.86,89.86,81.08,39.22,39.22,50.98
RECAL_E12_CLEV_TO_VA L_XGBoost,Cleveland,VA Long Beach,XGBoost,0.1594,0.1598,0.1592,0.0004,-0.0002,0.0616,0.0638,0.058,0.0022,-0.0036,0.6941,0.8259,0.5165,0.3137,0.3489,0.5216,75.64,75.64,75.23,91.89,91.89,82.43,37.25,41.18,58.82
RECAL_E13_HUNG_TO_CLEV_LogisticRegression,Hungarian,Cleveland,LogisticRegression,0.1672,0.1668,0.1702,-0.0004,0.003,0.0834,0.082,0.1037,-0.0014,0.0203,0.6399,0.6819,0.3846,0.2454,0.2879,0.0814,83.51,83.51,83.28,66.91,65.47,61.15,86.59,87.2,90.24
RECAL_E14_HUNG_TO_CLEV_RandomForest,Hungarian,Cleveland,RandomForest,0.1542,0.1535,0.1579,-0.0007,0.0037,0.0775,0.0786,0.0802,0.0011,0.0027,1.418,1.2955,1.1387,0.5939,0.6071,0.5375,86.94,86.94,86.22,64.75,63.31,69.78,93.29,93.29,88.41
RECAL_E15_HUNG_TO_CLEV_SVM,Hungarian,Cleveland,SVM,0.1762,0.175,0.1778,-0.0012,0.0016,0.0928,0.0773,0.0403,-0.0155,-0.0525,1.315,1.2697,1.0412,0.5045,0.4583,0.187,82.3,82.3,80.79,61.87,61.87,67.63,91.46,90.85,82.32
RECAL_E16_HUNG_TO_CLEV_XGBoost,Hungarian,Cleveland,XGBoost,0.1574,0.158,0.1666,0.0006,0.0092,0.0548,0.0464,0.0766,-0.0084,0.0218,0.983,1.0607,0.9206,0.2703,0.304,0.2336,84.81,84.81,83.69,66.91,66.91,71.22,85.98,85.98,81.71
RECAL_E17_ZURI_TO_CLEV_LogisticRegression,Zurich,Cleveland,LogisticRegression,0.4015,0.4725,0.4457,0.071,0.0442,0.4049,0.475,0.4558,0.0701,0.0509,0.4309,6.014,0.0988,-1.193,-16.1079,-0.5205,64.74,64.74,62.84,97.12,100.0,100.0,4.27,0.0,0.0
RECAL_E18_ZURI_TO_CLEV_RandomForest,Zurich,Cleveland,RandomForest,0.3418,0.4367,0.4246,0.0949,0.0828,0.3816,0.4507,0.4376,0.0691,0.056,0.9064,2.9749,0.1422,-2.0703,-7.1727,-0.5895,81.57,81.57,61.45,100.0,100.0,100.0,0.0,0.0,0.0
RECAL_E19_ZURI_TO_CLEV_SVM,Zurich,Cleveland,SVM,0.4453,0.4744,0.4623,0.0291,0.017,0.4541,0.4758,0.4681,0.0217,0.014,2.1977,70.4597,1.3256,-5.5325,-187.5489,-3.6366,70.8,70.8,55.61,100.0,100.0,100.0,0.0,0.0,0.0
RECAL_E20_ZURI_TO_CLEV_XGBoost,Zurich,Cleveland,XGBoost,0.3133,0.4225,0.3848,0.1092,0.0715,0.3583,0.4427,0.414,0.0844,0.0557,0.9667,2.7426,0.5874,-2.2254,-6.5663,-1.4506,81.84,81.84,78.78,99.28,100.0,100.0,7.93,0.0,0.0
RECAL_E21_VA L_TO_CLEV_LogisticRegression,VA Long Beach,Cleveland,LogisticRegression,0.1555,0.174,0.1599,0.0185,0.0044,0.044,0.1383,0.0957,0.0943,0.0517,1.2099,1.8647,1.5353,0.1092,-0.6083,-0.2467,85.06,85.06,85.08,72.66,84.89,76.98,82.32,69.51,77.44
RECAL_E22_VA L_TO_CLEV_RandomForest,VA Long Beach,Cleveland,RandomForest,0.2051,0.2345,0.2209,0.0294,0.0158,0.1572,0.2102,0.1819,0.053,0.0247,1.7077,2.5385,1.5621,-0.9334,-1.7933,-1.0447,80.26,80.26,79.59,84.89,95.68,79.14,46.95,25.0,57.32
RECAL_E23_VA L_TO_CLEV_SVM,VA Long Beach,Cleveland,SVM,0.2863,0.2879,0.2639,0.0016,-0.0224,0.2408,0.2478,0.2035,0.007,-0.0373,1.0479,1.0575,0.9918,-1.0209,-1.0454,-0.8631,67.87,67.87,67.22,93.53,93.53,95.68,7.93,7.93,4.27
RECAL_E24_VA L_TO_CLEV_XGBoost,VA Long Beach,Cleveland,XGBoost,0.1811,0.2267,0.2213,0.0456,0.0402,0.1105,0.2093,0.1599,0.0988,0.0494,1.184,2.5456,0.1791,-0.5991,-1.8269,0.0209,82.63,82.63,80.77,80.58,95.68,89.21,65.85,32.32,43.9
