experiment_id,train_dataset,test_dataset,model,feature,development_rank,external_rank,rank_difference,development_mean_abs_shap,external_mean_abs_shap,delta_shap,relative_change_percent,spearman_rank_correlation,kendall_rank_correlation,top3_overlap,top5_overlap
PAIRWISE_E1_CLEV_TO_HUNG_LogisticRegression,Cleveland,Hungarian,LogisticRegression,age,8,8,0,0.20304,0.23042,0.02738,13.49,0.9879,0.9556,0.5,1.0
PAIRWISE_E1_CLEV_TO_HUNG_LogisticRegression,Cleveland,Hungarian,LogisticRegression,sex,1,1,0,0.754551,0.72885,-0.025701,-3.41,0.9879,0.9556,0.5,1.0
PAIRWISE_E1_CLEV_TO_HUNG_LogisticRegression,Cleveland,Hungarian,LogisticRegression,cp,2,2,0,0.634702,0.699824,0.065122,10.26,0.9879,0.9556,0.5,1.0
PAIRWISE_E1_CLEV_TO_HUNG_LogisticRegression,Cleveland,Hungarian,LogisticRegression,trestbps,6,6,0,0.247472,0.247616,0.000144,0.06,0.9879,0.9556,0.5,1.0
PAIRWISE_E1_CLEV_TO_HUNG_LogisticRegression,Cleveland,Hungarian,LogisticRegression,fbs,10,10,0,0.057858,0.04576,-0.012098,-20.91,0.9879,0.9556,0.5,1.0
PAIRWISE_E1_CLEV_TO_HUNG_LogisticRegression,Cleveland,Hungarian,LogisticRegression,restecg,7,7,0,0.245559,0.236468,-0.009091,-3.7,0.9879,0.9556,0.5,1.0
PAIRWISE_E1_CLEV_TO_HUNG_LogisticRegression,Cleveland,Hungarian,LogisticRegression,thalach,5,5,0,0.381814,0.41432,0.032506,8.51,0.9879,0.9556,0.5,1.0
PAIRWISE_E1_CLEV_TO_HUNG_LogisticRegression,Cleveland,Hungarian,LogisticRegression,exang,4,3,-1,0.447911,0.441019,-0.006892,-1.54,0.9879,0.9556,0.5,1.0
PAIRWISE_E1_CLEV_TO_HUNG_LogisticRegression,Cleveland,Hungarian,LogisticRegression,oldpeak,3,4,1,0.459447,0.434507,-0.02494,-5.43,0.9879,0.9556,0.5,1.0
PAIRWISE_E1_CLEV_TO_HUNG_LogisticRegression,Cleveland,Hungarian,LogisticRegression,slope,9,9,0,0.169625,0.145712,-0.023913,-14.1,0.9879,0.9556,0.5,1.0
PAIRWISE_E2_CLEV_TO_HUNG_RandomForest,Cleveland,Hungarian,RandomForest,age,7,7,0,0.041406,0.034765,-0.006641,-16.04,0.9879,0.9556,1.0,1.0
PAIRWISE_E2_CLEV_TO_HUNG_RandomForest,Cleveland,Hungarian,RandomForest,sex,5,5,0,0.051731,0.050868,-0.000863,-1.67,0.9879,0.9556,1.0,1.0
PAIRWISE_E2_CLEV_TO_HUNG_RandomForest,Cleveland,Hungarian,RandomForest,cp,1,1,0,0.128718,0.130608,0.00189,1.47,0.9879,0.9556,1.0,1.0
PAIRWISE_E2_CLEV_TO_HUNG_RandomForest,Cleveland,Hungarian,RandomForest,trestbps,8,8,0,0.017668,0.017739,7.1e-05,0.4,0.9879,0.9556,1.0,1.0
PAIRWISE_E2_CLEV_TO_HUNG_RandomForest,Cleveland,Hungarian,RandomForest,fbs,10,10,0,0.001707,0.001302,-0.000405,-23.73,0.9879,0.9556,1.0,1.0
PAIRWISE_E2_CLEV_TO_HUNG_RandomForest,Cleveland,Hungarian,RandomForest,restecg,9,9,0,0.010644,0.008968,-0.001676,-15.75,0.9879,0.9556,1.0,1.0
PAIRWISE_E2_CLEV_TO_HUNG_RandomForest,Cleveland,Hungarian,RandomForest,thalach,3,2,-1,0.068329,0.077535,0.009206,13.47,0.9879,0.9556,1.0,1.0
PAIRWISE_E2_CLEV_TO_HUNG_RandomForest,Cleveland,Hungarian,RandomForest,exang,4,4,0,0.063436,0.067117,0.003681,5.8,0.9879,0.9556,1.0,1.0
PAIRWISE_E2_CLEV_TO_HUNG_RandomForest,Cleveland,Hungarian,RandomForest,oldpeak,2,3,1,0.069662,0.073336,0.003674,5.27,0.9879,0.9556,1.0,1.0
PAIRWISE_E2_CLEV_TO_HUNG_RandomForest,Cleveland,Hungarian,RandomForest,slope,6,6,0,0.046098,0.045618,-0.00048,-1.04,0.9879,0.9556,1.0,1.0
PAIRWISE_E3_CLEV_TO_HUNG_SVM,Cleveland,Hungarian,SVM,age,8,9,1,0.027086,0.018941,-0.008145,-30.07,0.9273,0.8222,0.5,1.0
PAIRWISE_E3_CLEV_TO_HUNG_SVM,Cleveland,Hungarian,SVM,sex,2,4,2,0.077292,0.065389,-0.011903,-15.4,0.9273,0.8222,0.5,1.0
PAIRWISE_E3_CLEV_TO_HUNG_SVM,Cleveland,Hungarian,SVM,cp,1,1,0,0.091436,0.090446,-0.00099,-1.08,0.9273,0.8222,0.5,1.0
PAIRWISE_E3_CLEV_TO_HUNG_SVM,Cleveland,Hungarian,SVM,trestbps,9,8,-1,0.01992,0.019795,-0.000125,-0.63,0.9273,0.8222,0.5,1.0
PAIRWISE_E3_CLEV_TO_HUNG_SVM,Cleveland,Hungarian,SVM,fbs,10,10,0,0.012757,0.009472,-0.003285,-25.75,0.9273,0.8222,0.5,1.0
PAIRWISE_E3_CLEV_TO_HUNG_SVM,Cleveland,Hungarian,SVM,restecg,6,6,0,0.040182,0.032917,-0.007265,-18.08,0.9273,0.8222,0.5,1.0
PAIRWISE_E3_CLEV_TO_HUNG_SVM,Cleveland,Hungarian,SVM,thalach,3,2,-1,0.065238,0.077479,0.012241,18.76,0.9273,0.8222,0.5,1.0
PAIRWISE_E3_CLEV_TO_HUNG_SVM,Cleveland,Hungarian,SVM,exang,4,5,1,0.064916,0.06401,-0.000906,-1.4,0.9273,0.8222,0.5,1.0
PAIRWISE_E3_CLEV_TO_HUNG_SVM,Cleveland,Hungarian,SVM,oldpeak,5,3,-2,0.064803,0.072643,0.00784,12.1,0.9273,0.8222,0.5,1.0
PAIRWISE_E3_CLEV_TO_HUNG_SVM,Cleveland,Hungarian,SVM,slope,7,7,0,0.031492,0.031842,0.00035,1.11,0.9273,0.8222,0.5,1.0
PAIRWISE_E4_CLEV_TO_HUNG_XGBoost,Cleveland,Hungarian,XGBoost,age,4,5,1,0.344085,0.307257,-0.036828,-10.7,0.9879,0.9556,1.0,1.0
PAIRWISE_E4_CLEV_TO_HUNG_XGBoost,Cleveland,Hungarian,XGBoost,sex,2,2,0,0.46322,0.460057,-0.003163,-0.68,0.9879,0.9556,1.0,1.0
PAIRWISE_E4_CLEV_TO_HUNG_XGBoost,Cleveland,Hungarian,XGBoost,cp,1,1,0,0.857574,0.831229,-0.026345,-3.07,0.9879,0.9556,1.0,1.0
PAIRWISE_E4_CLEV_TO_HUNG_XGBoost,Cleveland,Hungarian,XGBoost,trestbps,8,8,0,0.138816,0.132375,-0.006441,-4.64,0.9879,0.9556,1.0,1.0
PAIRWISE_E4_CLEV_TO_HUNG_XGBoost,Cleveland,Hungarian,XGBoost,fbs,10,10,0,0.009506,0.007212,-0.002294,-24.13,0.9879,0.9556,1.0,1.0
PAIRWISE_E4_CLEV_TO_HUNG_XGBoost,Cleveland,Hungarian,XGBoost,restecg,9,9,0,0.112078,0.096516,-0.015562,-13.88,0.9879,0.9556,1.0,1.0
PAIRWISE_E4_CLEV_TO_HUNG_XGBoost,Cleveland,Hungarian,XGBoost,thalach,5,4,-1,0.299536,0.377079,0.077543,25.89,0.9879,0.9556,1.0,1.0
PAIRWISE_E4_CLEV_TO_HUNG_XGBoost,Cleveland,Hungarian,XGBoost,exang,6,6,0,0.292405,0.30203,0.009625,3.29,0.9879,0.9556,1.0,1.0
PAIRWISE_E4_CLEV_TO_HUNG_XGBoost,Cleveland,Hungarian,XGBoost,oldpeak,3,3,0,0.457719,0.452519,-0.0052,-1.14,0.9879,0.9556,1.0,1.0
PAIRWISE_E4_CLEV_TO_HUNG_XGBoost,Cleveland,Hungarian,XGBoost,slope,7,7,0,0.258506,0.265886,0.00738,2.85,0.9879,0.9556,1.0,1.0
PAIRWISE_E5_CLEV_TO_ZURI_LogisticRegression,Cleveland,Zurich,LogisticRegression,age,8,8,0,0.20304,0.197004,-0.006036,-2.97,0.9152,0.8222,0.5,1.0
PAIRWISE_E5_CLEV_TO_ZURI_LogisticRegression,Cleveland,Zurich,LogisticRegression,sex,1,1,0,0.754551,0.624213,-0.130338,-17.27,0.9152,0.8222,0.5,1.0
PAIRWISE_E5_CLEV_TO_ZURI_LogisticRegression,Cleveland,Zurich,LogisticRegression,cp,2,3,1,0.634702,0.618911,-0.015791,-2.49,0.9152,0.8222,0.5,1.0
PAIRWISE_E5_CLEV_TO_ZURI_LogisticRegression,Cleveland,Zurich,LogisticRegression,trestbps,6,6,0,0.247472,0.332845,0.085373,34.5,0.9152,0.8222,0.5,1.0
PAIRWISE_E5_CLEV_TO_ZURI_LogisticRegression,Cleveland,Zurich,LogisticRegression,fbs,10,10,0,0.057858,0.041598,-0.01626,-28.1,0.9152,0.8222,0.5,1.0
PAIRWISE_E5_CLEV_TO_ZURI_LogisticRegression,Cleveland,Zurich,LogisticRegression,restecg,7,7,0,0.245559,0.216291,-0.029268,-11.92,0.9152,0.8222,0.5,1.0
PAIRWISE_E5_CLEV_TO_ZURI_LogisticRegression,Cleveland,Zurich,LogisticRegression,thalach,5,2,-3,0.381814,0.619232,0.237418,62.18,0.9152,0.8222,0.5,1.0
PAIRWISE_E5_CLEV_TO_ZURI_LogisticRegression,Cleveland,Zurich,LogisticRegression,exang,4,4,0,0.447911,0.48159,0.033679,7.52,0.9152,0.8222,0.5,1.0
PAIRWISE_E5_CLEV_TO_ZURI_LogisticRegression,Cleveland,Zurich,LogisticRegression,oldpeak,3,5,2,0.459447,0.452874,-0.006573,-1.43,0.9152,0.8222,0.5,1.0
PAIRWISE_E5_CLEV_TO_ZURI_LogisticRegression,Cleveland,Zurich,LogisticRegression,slope,9,9,0,0.169625,0.173478,0.003853,2.27,0.9152,0.8222,0.5,1.0
PAIRWISE_E6_CLEV_TO_ZURI_RandomForest,Cleveland,Zurich,RandomForest,age,7,7,0,0.041406,0.028772,-0.012634,-30.51,0.9879,0.9556,1.0,1.0
PAIRWISE_E6_CLEV_TO_ZURI_RandomForest,Cleveland,Zurich,RandomForest,sex,5,5,0,0.051731,0.046909,-0.004822,-9.32,0.9879,0.9556,1.0,1.0
PAIRWISE_E6_CLEV_TO_ZURI_RandomForest,Cleveland,Zurich,RandomForest,cp,1,1,0,0.128718,0.127875,-0.000843,-0.65,0.9879,0.9556,1.0,1.0
PAIRWISE_E6_CLEV_TO_ZURI_RandomForest,Cleveland,Zurich,RandomForest,trestbps,8,8,0,0.017668,0.025372,0.007704,43.6,0.9879,0.9556,1.0,1.0
PAIRWISE_E6_CLEV_TO_ZURI_RandomForest,Cleveland,Zurich,RandomForest,fbs,10,10,0,0.001707,0.001081,-0.000626,-36.67,0.9879,0.9556,1.0,1.0
PAIRWISE_E6_CLEV_TO_ZURI_RandomForest,Cleveland,Zurich,RandomForest,restecg,9,9,0,0.010644,0.011354,0.00071,6.67,0.9879,0.9556,1.0,1.0
PAIRWISE_E6_CLEV_TO_ZURI_RandomForest,Cleveland,Zurich,RandomForest,thalach,3,2,-1,0.068329,0.088795,0.020466,29.95,0.9879,0.9556,1.0,1.0
PAIRWISE_E6_CLEV_TO_ZURI_RandomForest,Cleveland,Zurich,RandomForest,exang,4,4,0,0.063436,0.076369,0.012933,20.39,0.9879,0.9556,1.0,1.0
PAIRWISE_E6_CLEV_TO_ZURI_RandomForest,Cleveland,Zurich,RandomForest,oldpeak,2,3,1,0.069662,0.081512,0.01185,17.01,0.9879,0.9556,1.0,1.0
PAIRWISE_E6_CLEV_TO_ZURI_RandomForest,Cleveland,Zurich,RandomForest,slope,6,6,0,0.046098,0.046686,0.000588,1.28,0.9879,0.9556,1.0,1.0
PAIRWISE_E7_CLEV_TO_ZURI_SVM,Cleveland,Zurich,SVM,age,8,9,1,0.026727,0.017797,-0.00893,-33.41,0.7939,0.6444,0.2,1.0
PAIRWISE_E7_CLEV_TO_ZURI_SVM,Cleveland,Zurich,SVM,sex,2,5,3,0.077718,0.050681,-0.027037,-34.79,0.7939,0.6444,0.2,1.0
PAIRWISE_E7_CLEV_TO_ZURI_SVM,Cleveland,Zurich,SVM,cp,1,4,3,0.091782,0.066009,-0.025773,-28.08,0.7939,0.6444,0.2,1.0
PAIRWISE_E7_CLEV_TO_ZURI_SVM,Cleveland,Zurich,SVM,trestbps,9,8,-1,0.020362,0.02703,0.006668,32.75,0.7939,0.6444,0.2,1.0
PAIRWISE_E7_CLEV_TO_ZURI_SVM,Cleveland,Zurich,SVM,fbs,10,10,0,0.012198,0.008947,-0.003251,-26.65,0.7939,0.6444,0.2,1.0
PAIRWISE_E7_CLEV_TO_ZURI_SVM,Cleveland,Zurich,SVM,restecg,6,6,0,0.040245,0.036009,-0.004236,-10.53,0.7939,0.6444,0.2,1.0
PAIRWISE_E7_CLEV_TO_ZURI_SVM,Cleveland,Zurich,SVM,thalach,4,1,-3,0.064967,0.099826,0.034859,53.66,0.7939,0.6444,0.2,1.0
PAIRWISE_E7_CLEV_TO_ZURI_SVM,Cleveland,Zurich,SVM,exang,3,2,-1,0.06512,0.06832,0.0032,4.91,0.7939,0.6444,0.2,1.0
PAIRWISE_E7_CLEV_TO_ZURI_SVM,Cleveland,Zurich,SVM,oldpeak,5,3,-2,0.064186,0.067558,0.003372,5.25,0.7939,0.6444,0.2,1.0
PAIRWISE_E7_CLEV_TO_ZURI_SVM,Cleveland,Zurich,SVM,slope,7,7,0,0.031484,0.0355,0.004016,12.76,0.7939,0.6444,0.2,1.0
PAIRWISE_E8_CLEV_TO_ZURI_XGBoost,Cleveland,Zurich,XGBoost,age,4,7,3,0.344085,0.230226,-0.113859,-33.09,0.8788,0.7778,0.5,0.6667
PAIRWISE_E8_CLEV_TO_ZURI_XGBoost,Cleveland,Zurich,XGBoost,sex,2,4,2,0.46322,0.370649,-0.092571,-19.98,0.8788,0.7778,0.5,0.6667
PAIRWISE_E8_CLEV_TO_ZURI_XGBoost,Cleveland,Zurich,XGBoost,cp,1,1,0,0.857574,0.803184,-0.05439,-6.34,0.8788,0.7778,0.5,0.6667
PAIRWISE_E8_CLEV_TO_ZURI_XGBoost,Cleveland,Zurich,XGBoost,trestbps,8,8,0,0.138816,0.213261,0.074445,53.63,0.8788,0.7778,0.5,0.6667
PAIRWISE_E8_CLEV_TO_ZURI_XGBoost,Cleveland,Zurich,XGBoost,fbs,10,10,0,0.009506,0.00413,-0.005376,-56.55,0.8788,0.7778,0.5,0.6667
PAIRWISE_E8_CLEV_TO_ZURI_XGBoost,Cleveland,Zurich,XGBoost,restecg,9,9,0,0.112078,0.109621,-0.002457,-2.19,0.8788,0.7778,0.5,0.6667
PAIRWISE_E8_CLEV_TO_ZURI_XGBoost,Cleveland,Zurich,XGBoost,thalach,5,3,-2,0.299536,0.44546,0.145924,48.72,0.8788,0.7778,0.5,0.6667
PAIRWISE_E8_CLEV_TO_ZURI_XGBoost,Cleveland,Zurich,XGBoost,exang,6,5,-1,0.292405,0.348215,0.05581,19.09,0.8788,0.7778,0.5,0.6667
PAIRWISE_E8_CLEV_TO_ZURI_XGBoost,Cleveland,Zurich,XGBoost,oldpeak,3,2,-1,0.457719,0.510162,0.052443,11.46,0.8788,0.7778,0.5,0.6667
PAIRWISE_E8_CLEV_TO_ZURI_XGBoost,Cleveland,Zurich,XGBoost,slope,7,6,-1,0.258506,0.245211,-0.013295,-5.14,0.8788,0.7778,0.5,0.6667
PAIRWISE_E9_CLEV_TO_VA L_LogisticRegression,Cleveland,VA Long Beach,LogisticRegression,age,8,7,-1,0.20304,0.195138,-0.007902,-3.89,0.9273,0.8222,0.5,1.0
PAIRWISE_E9_CLEV_TO_VA L_LogisticRegression,Cleveland,VA Long Beach,LogisticRegression,sex,1,1,0,0.754551,0.596298,-0.158253,-20.97,0.9273,0.8222,0.5,1.0
PAIRWISE_E9_CLEV_TO_VA L_LogisticRegression,Cleveland,VA Long Beach,LogisticRegression,cp,2,2,0,0.634702,0.593055,-0.041647,-6.56,0.9273,0.8222,0.5,1.0
PAIRWISE_E9_CLEV_TO_VA L_LogisticRegression,Cleveland,VA Long Beach,LogisticRegression,trestbps,6,6,0,0.247472,0.229315,-0.018157,-7.34,0.9273,0.8222,0.5,1.0
PAIRWISE_E9_CLEV_TO_VA L_LogisticRegression,Cleveland,VA Long Beach,LogisticRegression,fbs,10,10,0,0.057858,0.086982,0.029124,50.34,0.9273,0.8222,0.5,1.0
PAIRWISE_E9_CLEV_TO_VA L_LogisticRegression,Cleveland,VA Long Beach,LogisticRegression,restecg,7,9,2,0.245559,0.158665,-0.086894,-35.39,0.9273,0.8222,0.5,1.0
PAIRWISE_E9_CLEV_TO_VA L_LogisticRegression,Cleveland,VA Long Beach,LogisticRegression,thalach,5,4,-1,0.381814,0.495864,0.11405,29.87,0.9273,0.8222,0.5,1.0
PAIRWISE_E9_CLEV_TO_VA L_LogisticRegression,Cleveland,VA Long Beach,LogisticRegression,exang,4,3,-1,0.447911,0.517211,0.0693,15.47,0.9273,0.8222,0.5,1.0
PAIRWISE_E9_CLEV_TO_VA L_LogisticRegression,Cleveland,VA Long Beach,LogisticRegression,oldpeak,3,5,2,0.459447,0.43326,-0.026187,-5.7,0.9273,0.8222,0.5,1.0
PAIRWISE_E9_CLEV_TO_VA L_LogisticRegression,Cleveland,VA Long Beach,LogisticRegression,slope,9,8,-1,0.169625,0.185125,0.0155,9.14,0.9273,0.8222,0.5,1.0
PAIRWISE_E10_CLEV_TO_VA L_RandomForest,Cleveland,VA Long Beach,RandomForest,age,7,7,0,0.041406,0.031109,-0.010297,-24.87,0.9515,0.8667,0.5,0.6667
PAIRWISE_E10_CLEV_TO_VA L_RandomForest,Cleveland,VA Long Beach,RandomForest,sex,5,6,1,0.051731,0.04081,-0.010921,-21.11,0.9515,0.8667,0.5,0.6667
PAIRWISE_E10_CLEV_TO_VA L_RandomForest,Cleveland,VA Long Beach,RandomForest,cp,1,1,0,0.128718,0.131738,0.00302,2.35,0.9515,0.8667,0.5,0.6667
PAIRWISE_E10_CLEV_TO_VA L_RandomForest,Cleveland,VA Long Beach,RandomForest,trestbps,8,8,0,0.017668,0.014432,-0.003236,-18.32,0.9515,0.8667,0.5,0.6667
PAIRWISE_E10_CLEV_TO_VA L_RandomForest,Cleveland,VA Long Beach,RandomForest,fbs,10,10,0,0.001707,0.002458,0.000751,44.0,0.9515,0.8667,0.5,0.6667
PAIRWISE_E10_CLEV_TO_VA L_RandomForest,Cleveland,VA Long Beach,RandomForest,restecg,9,9,0,0.010644,0.007836,-0.002808,-26.38,0.9515,0.8667,0.5,0.6667
PAIRWISE_E10_CLEV_TO_VA L_RandomForest,Cleveland,VA Long Beach,RandomForest,thalach,3,2,-1,0.068329,0.082901,0.014572,21.33,0.9515,0.8667,0.5,0.6667
PAIRWISE_E10_CLEV_TO_VA L_RandomForest,Cleveland,VA Long Beach,RandomForest,exang,4,3,-1,0.063436,0.078001,0.014565,22.96,0.9515,0.8667,0.5,0.6667
PAIRWISE_E10_CLEV_TO_VA L_RandomForest,Cleveland,VA Long Beach,RandomForest,oldpeak,2,4,2,0.069662,0.074891,0.005229,7.51,0.9515,0.8667,0.5,0.6667
PAIRWISE_E10_CLEV_TO_VA L_RandomForest,Cleveland,VA Long Beach,RandomForest,slope,6,5,-1,0.046098,0.048088,0.00199,4.32,0.9515,0.8667,0.5,0.6667
PAIRWISE_E11_CLEV_TO_VA L_SVM,Cleveland,VA Long Beach,SVM,age,8,8,0,0.026799,0.023437,-0.003362,-12.55,0.903,0.7778,0.5,1.0
PAIRWISE_E11_CLEV_TO_VA L_SVM,Cleveland,VA Long Beach,SVM,sex,2,5,3,0.077535,0.041476,-0.036059,-46.51,0.903,0.7778,0.5,1.0
PAIRWISE_E11_CLEV_TO_VA L_SVM,Cleveland,VA Long Beach,SVM,cp,1,1,0,0.091138,0.081119,-0.010019,-10.99,0.903,0.7778,0.5,1.0
PAIRWISE_E11_CLEV_TO_VA L_SVM,Cleveland,VA Long Beach,SVM,trestbps,9,10,1,0.020237,0.017607,-0.00263,-13.0,0.903,0.7778,0.5,1.0
PAIRWISE_E11_CLEV_TO_VA L_SVM,Cleveland,VA Long Beach,SVM,fbs,10,9,-1,0.01295,0.017995,0.005045,38.96,0.903,0.7778,0.5,1.0
PAIRWISE_E11_CLEV_TO_VA L_SVM,Cleveland,VA Long Beach,SVM,restecg,6,7,1,0.04016,0.02435,-0.01581,-39.37,0.903,0.7778,0.5,1.0
PAIRWISE_E11_CLEV_TO_VA L_SVM,Cleveland,VA Long Beach,SVM,thalach,3,2,-1,0.064784,0.0801,0.015316,23.64,0.903,0.7778,0.5,1.0
PAIRWISE_E11_CLEV_TO_VA L_SVM,Cleveland,VA Long Beach,SVM,exang,4,3,-1,0.064412,0.078657,0.014245,22.12,0.903,0.7778,0.5,1.0
PAIRWISE_E11_CLEV_TO_VA L_SVM,Cleveland,VA Long Beach,SVM,oldpeak,5,4,-1,0.064349,0.059371,-0.004978,-7.74,0.903,0.7778,0.5,1.0
PAIRWISE_E11_CLEV_TO_VA L_SVM,Cleveland,VA Long Beach,SVM,slope,7,6,-1,0.031257,0.035631,0.004374,13.99,0.903,0.7778,0.5,1.0
PAIRWISE_E12_CLEV_TO_VA L_XGBoost,Cleveland,VA Long Beach,XGBoost,age,4,7,3,0.344085,0.239383,-0.104702,-30.43,0.8303,0.7333,0.5,0.6667
PAIRWISE_E12_CLEV_TO_VA L_XGBoost,Cleveland,VA Long Beach,XGBoost,sex,2,5,3,0.46322,0.338865,-0.124355,-26.85,0.8303,0.7333,0.5,0.6667
PAIRWISE_E12_CLEV_TO_VA L_XGBoost,Cleveland,VA Long Beach,XGBoost,cp,1,1,0,0.857574,0.836395,-0.021179,-2.47,0.8303,0.7333,0.5,0.6667
PAIRWISE_E12_CLEV_TO_VA L_XGBoost,Cleveland,VA Long Beach,XGBoost,trestbps,8,8,0,0.138816,0.128817,-0.009999,-7.2,0.8303,0.7333,0.5,0.6667
PAIRWISE_E12_CLEV_TO_VA L_XGBoost,Cleveland,VA Long Beach,XGBoost,fbs,10,10,0,0.009506,0.010242,0.000736,7.74,0.8303,0.7333,0.5,0.6667
PAIRWISE_E12_CLEV_TO_VA L_XGBoost,Cleveland,VA Long Beach,XGBoost,restecg,9,9,0,0.112078,0.096755,-0.015323,-13.67,0.8303,0.7333,0.5,0.6667
PAIRWISE_E12_CLEV_TO_VA L_XGBoost,Cleveland,VA Long Beach,XGBoost,thalach,5,3,-2,0.299536,0.396222,0.096686,32.28,0.8303,0.7333,0.5,0.6667
PAIRWISE_E12_CLEV_TO_VA L_XGBoost,Cleveland,VA Long Beach,XGBoost,exang,6,4,-2,0.292405,0.372783,0.080378,27.49,0.8303,0.7333,0.5,0.6667
PAIRWISE_E12_CLEV_TO_VA L_XGBoost,Cleveland,VA Long Beach,XGBoost,oldpeak,3,2,-1,0.457719,0.496619,0.0389,8.5,0.8303,0.7333,0.5,0.6667
PAIRWISE_E12_CLEV_TO_VA L_XGBoost,Cleveland,VA Long Beach,XGBoost,slope,7,6,-1,0.258506,0.260893,0.002387,0.92,0.8303,0.7333,0.5,0.6667
PAIRWISE_E13_HUNG_TO_CLEV_LogisticRegression,Hungarian,Cleveland,LogisticRegression,age,8,8,0,0.093264,0.134084,0.04082,43.77,0.9515,0.8667,0.5,1.0
PAIRWISE_E13_HUNG_TO_CLEV_LogisticRegression,Hungarian,Cleveland,LogisticRegression,sex,3,4,1,0.486802,0.516458,0.029656,6.09,0.9515,0.8667,0.5,1.0
PAIRWISE_E13_HUNG_TO_CLEV_LogisticRegression,Hungarian,Cleveland,LogisticRegression,cp,2,2,0,0.703434,0.648148,-0.055286,-7.86,0.9515,0.8667,0.5,1.0
PAIRWISE_E13_HUNG_TO_CLEV_LogisticRegression,Hungarian,Cleveland,LogisticRegression,trestbps,10,10,0,0.041524,0.041388,-0.000136,-0.33,0.9515,0.8667,0.5,1.0
PAIRWISE_E13_HUNG_TO_CLEV_LogisticRegression,Hungarian,Cleveland,LogisticRegression,fbs,6,7,1,0.202948,0.302569,0.099621,49.09,0.9515,0.8667,0.5,1.0
PAIRWISE_E13_HUNG_TO_CLEV_LogisticRegression,Hungarian,Cleveland,LogisticRegression,restecg,7,6,-1,0.145934,0.410961,0.265027,181.61,0.9515,0.8667,0.5,1.0
PAIRWISE_E13_HUNG_TO_CLEV_LogisticRegression,Hungarian,Cleveland,LogisticRegression,thalach,9,9,0,0.049037,0.056126,0.007089,14.46,0.9515,0.8667,0.5,1.0
PAIRWISE_E13_HUNG_TO_CLEV_LogisticRegression,Hungarian,Cleveland,LogisticRegression,exang,4,5,1,0.455415,0.465346,0.009931,2.18,0.9515,0.8667,0.5,1.0
PAIRWISE_E13_HUNG_TO_CLEV_LogisticRegression,Hungarian,Cleveland,LogisticRegression,oldpeak,1,1,0,0.827192,0.971523,0.144331,17.45,0.9515,0.8667,0.5,1.0
PAIRWISE_E13_HUNG_TO_CLEV_LogisticRegression,Hungarian,Cleveland,LogisticRegression,slope,5,3,-2,0.356544,0.617287,0.260743,73.13,0.9515,0.8667,0.5,1.0
PAIRWISE_E14_HUNG_TO_CLEV_RandomForest,Hungarian,Cleveland,RandomForest,age,8,8,0,0.01055,0.013156,0.002606,24.7,0.9394,0.8222,1.0,0.6667
PAIRWISE_E14_HUNG_TO_CLEV_RandomForest,Hungarian,Cleveland,RandomForest,sex,5,5,0,0.034098,0.036775,0.002677,7.85,0.9394,0.8222,1.0,0.6667
PAIRWISE_E14_HUNG_TO_CLEV_RandomForest,Hungarian,Cleveland,RandomForest,cp,1,1,0,0.115392,0.103391,-0.012001,-10.4,0.9394,0.8222,1.0,0.6667
PAIRWISE_E14_HUNG_TO_CLEV_RandomForest,Hungarian,Cleveland,RandomForest,trestbps,7,7,0,0.016336,0.018012,0.001676,10.26,0.9394,0.8222,1.0,0.6667
PAIRWISE_E14_HUNG_TO_CLEV_RandomForest,Hungarian,Cleveland,RandomForest,fbs,9,9,0,0.006256,0.011055,0.004799,76.71,0.9394,0.8222,1.0,0.6667
PAIRWISE_E14_HUNG_TO_CLEV_RandomForest,Hungarian,Cleveland,RandomForest,restecg,10,10,0,0.004599,0.008076,0.003477,75.6,0.9394,0.8222,1.0,0.6667
PAIRWISE_E14_HUNG_TO_CLEV_RandomForest,Hungarian,Cleveland,RandomForest,thalach,4,6,2,0.035001,0.034085,-0.000916,-2.62,0.9394,0.8222,1.0,0.6667
PAIRWISE_E14_HUNG_TO_CLEV_RandomForest,Hungarian,Cleveland,RandomForest,exang,2,3,1,0.107882,0.099754,-0.008128,-7.53,0.9394,0.8222,1.0,0.6667
PAIRWISE_E14_HUNG_TO_CLEV_RandomForest,Hungarian,Cleveland,RandomForest,oldpeak,3,2,-1,0.097514,0.100174,0.00266,2.73,0.9394,0.8222,1.0,0.6667
PAIRWISE_E14_HUNG_TO_CLEV_RandomForest,Hungarian,Cleveland,RandomForest,slope,6,4,-2,0.024869,0.043156,0.018287,73.53,0.9394,0.8222,1.0,0.6667
PAIRWISE_E15_HUNG_TO_CLEV_SVM,Hungarian,Cleveland,SVM,age,7,8,1,0.012176,0.019259,0.007083,58.17,0.7818,0.5556,0.5,1.0
PAIRWISE_E15_HUNG_TO_CLEV_SVM,Hungarian,Cleveland,SVM,sex,5,4,-1,0.038758,0.042714,0.003956,10.21,0.7818,0.5556,0.5,1.0
PAIRWISE_E15_HUNG_TO_CLEV_SVM,Hungarian,Cleveland,SVM,cp,3,5,2,0.057429,0.041042,-0.016387,-28.53,0.7818,0.5556,0.5,1.0
PAIRWISE_E15_HUNG_TO_CLEV_SVM,Hungarian,Cleveland,SVM,trestbps,9,10,1,0.011038,0.012197,0.001159,10.5,0.7818,0.5556,0.5,1.0
PAIRWISE_E15_HUNG_TO_CLEV_SVM,Hungarian,Cleveland,SVM,fbs,8,7,-1,0.012143,0.023799,0.011656,95.99,0.7818,0.5556,0.5,1.0
PAIRWISE_E15_HUNG_TO_CLEV_SVM,Hungarian,Cleveland,SVM,restecg,10,6,-4,0.008643,0.03099,0.022347,258.56,0.7818,0.5556,0.5,1.0
PAIRWISE_E15_HUNG_TO_CLEV_SVM,Hungarian,Cleveland,SVM,thalach,6,9,3,0.018923,0.017805,-0.001118,-5.91,0.7818,0.5556,0.5,1.0
PAIRWISE_E15_HUNG_TO_CLEV_SVM,Hungarian,Cleveland,SVM,exang,1,2,1,0.113346,0.081107,-0.032239,-28.44,0.7818,0.5556,0.5,1.0
PAIRWISE_E15_HUNG_TO_CLEV_SVM,Hungarian,Cleveland,SVM,oldpeak,2,1,-1,0.102113,0.084433,-0.01768,-17.31,0.7818,0.5556,0.5,1.0
PAIRWISE_E15_HUNG_TO_CLEV_SVM,Hungarian,Cleveland,SVM,slope,4,3,-1,0.042137,0.068402,0.026265,62.33,0.7818,0.5556,0.5,1.0
PAIRWISE_E16_HUNG_TO_CLEV_XGBoost,Hungarian,Cleveland,XGBoost,age,8,9,1,0.116103,0.113547,-0.002556,-2.2,0.9394,0.8222,1.0,0.6667
PAIRWISE_E16_HUNG_TO_CLEV_XGBoost,Hungarian,Cleveland,XGBoost,sex,4,4,0,0.369984,0.393699,0.023715,6.41,0.9394,0.8222,1.0,0.6667
PAIRWISE_E16_HUNG_TO_CLEV_XGBoost,Hungarian,Cleveland,XGBoost,cp,1,2,1,0.860359,0.665312,-0.195047,-22.67,0.9394,0.8222,1.0,0.6667
PAIRWISE_E16_HUNG_TO_CLEV_XGBoost,Hungarian,Cleveland,XGBoost,trestbps,5,6,1,0.177373,0.182946,0.005573,3.14,0.9394,0.8222,1.0,0.6667
PAIRWISE_E16_HUNG_TO_CLEV_XGBoost,Hungarian,Cleveland,XGBoost,fbs,9,7,-2,0.078033,0.125217,0.047184,60.47,0.9394,0.8222,1.0,0.6667
PAIRWISE_E16_HUNG_TO_CLEV_XGBoost,Hungarian,Cleveland,XGBoost,restecg,10,10,0,0.047446,0.078111,0.030665,64.63,0.9394,0.8222,1.0,0.6667
PAIRWISE_E16_HUNG_TO_CLEV_XGBoost,Hungarian,Cleveland,XGBoost,thalach,7,8,1,0.149655,0.118353,-0.031302,-20.92,0.9394,0.8222,1.0,0.6667
PAIRWISE_E16_HUNG_TO_CLEV_XGBoost,Hungarian,Cleveland,XGBoost,exang,3,3,0,0.519155,0.487695,-0.03146,-6.06,0.9394,0.8222,1.0,0.6667
PAIRWISE_E16_HUNG_TO_CLEV_XGBoost,Hungarian,Cleveland,XGBoost,oldpeak,2,1,-1,0.761008,0.690431,-0.070577,-9.27,0.9394,0.8222,1.0,0.6667
PAIRWISE_E16_HUNG_TO_CLEV_XGBoost,Hungarian,Cleveland,XGBoost,slope,6,5,-1,0.173681,0.297744,0.124063,71.43,0.9394,0.8222,1.0,0.6667
PAIRWISE_E17_ZURI_TO_CLEV_LogisticRegression,Zurich,Cleveland,LogisticRegression,age,7,8,1,0.043549,0.044698,0.001149,2.64,0.9152,0.8222,0.5,1.0
PAIRWISE_E17_ZURI_TO_CLEV_LogisticRegression,Zurich,Cleveland,LogisticRegression,sex,4,1,-3,0.252763,0.568729,0.315966,125.0,0.9152,0.8222,0.5,1.0
PAIRWISE_E17_ZURI_TO_CLEV_LogisticRegression,Zurich,Cleveland,LogisticRegression,cp,1,2,1,0.342038,0.55439,0.212352,62.08,0.9152,0.8222,0.5,1.0
PAIRWISE_E17_ZURI_TO_CLEV_LogisticRegression,Zurich,Cleveland,LogisticRegression,trestbps,9,9,0,0.022795,0.017105,-0.00569,-24.96,0.9152,0.8222,0.5,1.0
PAIRWISE_E17_ZURI_TO_CLEV_LogisticRegression,Zurich,Cleveland,LogisticRegression,fbs,5,5,0,0.116882,0.216548,0.099666,85.27,0.9152,0.8222,0.5,1.0
PAIRWISE_E17_ZURI_TO_CLEV_LogisticRegression,Zurich,Cleveland,LogisticRegression,restecg,8,7,-1,0.038701,0.078888,0.040187,103.84,0.9152,0.8222,0.5,1.0
PAIRWISE_E17_ZURI_TO_CLEV_LogisticRegression,Zurich,Cleveland,LogisticRegression,thalach,2,3,1,0.340197,0.493875,0.153678,45.17,0.9152,0.8222,0.5,1.0
PAIRWISE_E17_ZURI_TO_CLEV_LogisticRegression,Zurich,Cleveland,LogisticRegression,exang,3,4,1,0.334293,0.321189,-0.013104,-3.92,0.9152,0.8222,0.5,1.0
PAIRWISE_E17_ZURI_TO_CLEV_LogisticRegression,Zurich,Cleveland,LogisticRegression,oldpeak,10,10,0,0.011871,0.012882,0.001011,8.52,0.9152,0.8222,0.5,1.0
PAIRWISE_E17_ZURI_TO_CLEV_LogisticRegression,Zurich,Cleveland,LogisticRegression,slope,6,6,0,0.102401,0.118235,0.015834,15.46,0.9152,0.8222,0.5,1.0
PAIRWISE_E18_ZURI_TO_CLEV_RandomForest,Zurich,Cleveland,RandomForest,age,4,4,0,0.013997,0.017176,0.003179,22.71,0.903,0.7778,1.0,0.6667
PAIRWISE_E18_ZURI_TO_CLEV_RandomForest,Zurich,Cleveland,RandomForest,sex,9,9,0,7.3e-05,0.000158,8.5e-05,116.44,0.903,0.7778,1.0,0.6667
PAIRWISE_E18_ZURI_TO_CLEV_RandomForest,Zurich,Cleveland,RandomForest,cp,1,1,0,0.03591,0.071612,0.035702,99.42,0.903,0.7778,1.0,0.6667
PAIRWISE_E18_ZURI_TO_CLEV_RandomForest,Zurich,Cleveland,RandomForest,trestbps,5,6,1,0.009095,0.008106,-0.000989,-10.87,0.903,0.7778,1.0,0.6667
PAIRWISE_E18_ZURI_TO_CLEV_RandomForest,Zurich,Cleveland,RandomForest,fbs,10,10,0,0.0,0.0,0.0,0.0,0.903,0.7778,1.0,0.6667
PAIRWISE_E18_ZURI_TO_CLEV_RandomForest,Zurich,Cleveland,RandomForest,restecg,8,5,-3,0.00419,0.014717,0.010527,251.24,0.903,0.7778,1.0,0.6667
PAIRWISE_E18_ZURI_TO_CLEV_RandomForest,Zurich,Cleveland,RandomForest,thalach,3,2,-1,0.017213,0.033202,0.015989,92.89,0.903,0.7778,1.0,0.6667
PAIRWISE_E18_ZURI_TO_CLEV_RandomForest,Zurich,Cleveland,RandomForest,exang,7,7,0,0.006189,0.007746,0.001557,25.16,0.903,0.7778,1.0,0.6667
PAIRWISE_E18_ZURI_TO_CLEV_RandomForest,Zurich,Cleveland,RandomForest,oldpeak,6,8,2,0.008707,0.006597,-0.00211,-24.23,0.903,0.7778,1.0,0.6667
PAIRWISE_E18_ZURI_TO_CLEV_RandomForest,Zurich,Cleveland,RandomForest,slope,2,3,1,0.019656,0.025857,0.006201,31.55,0.903,0.7778,1.0,0.6667
PAIRWISE_E19_ZURI_TO_CLEV_SVM,Zurich,Cleveland,SVM,age,6,6,0,0.001912,0.002437,0.000525,27.46,0.5636,0.5111,0.5,0.6667
PAIRWISE_E19_ZURI_TO_CLEV_SVM,Zurich,Cleveland,SVM,sex,9,5,-4,0.00097,0.003609,0.002639,272.06,0.5636,0.5111,0.5,0.6667
PAIRWISE_E19_ZURI_TO_CLEV_SVM,Zurich,Cleveland,SVM,cp,1,1,0,0.006273,0.014372,0.008099,129.11,0.5636,0.5111,0.5,0.6667
PAIRWISE_E19_ZURI_TO_CLEV_SVM,Zurich,Cleveland,SVM,trestbps,3,10,7,0.002785,0.001859,-0.000926,-33.25,0.5636,0.5111,0.5,0.6667
PAIRWISE_E19_ZURI_TO_CLEV_SVM,Zurich,Cleveland,SVM,fbs,10,9,-1,0.000877,0.001904,0.001027,117.1,0.5636,0.5111,0.5,0.6667
PAIRWISE_E19_ZURI_TO_CLEV_SVM,Zurich,Cleveland,SVM,restecg,5,4,-1,0.002317,0.004807,0.00249,107.47,0.5636,0.5111,0.5,0.6667
PAIRWISE_E19_ZURI_TO_CLEV_SVM,Zurich,Cleveland,SVM,thalach,4,2,-2,0.002486,0.00602,0.003534,142.16,0.5636,0.5111,0.5,0.6667
PAIRWISE_E19_ZURI_TO_CLEV_SVM,Zurich,Cleveland,SVM,exang,8,8,0,0.001732,0.002195,0.000463,26.73,0.5636,0.5111,0.5,0.6667
PAIRWISE_E19_ZURI_TO_CLEV_SVM,Zurich,Cleveland,SVM,oldpeak,7,7,0,0.001805,0.002384,0.000579,32.08,0.5636,0.5111,0.5,0.6667
PAIRWISE_E19_ZURI_TO_CLEV_SVM,Zurich,Cleveland,SVM,slope,2,3,1,0.004705,0.004923,0.000218,4.63,0.5636,0.5111,0.5,0.6667
PAIRWISE_E20_ZURI_TO_CLEV_XGBoost,Zurich,Cleveland,XGBoost,age,4,3,-1,0.202308,0.30167,0.099362,49.11,0.9636,0.8667,0.5,0.6667
PAIRWISE_E20_ZURI_TO_CLEV_XGBoost,Zurich,Cleveland,XGBoost,sex,10,10,0,0.0,0.0,0.0,0.0,0.9636,0.8667,0.5,0.6667
PAIRWISE_E20_ZURI_TO_CLEV_XGBoost,Zurich,Cleveland,XGBoost,cp,1,1,0,1.029848,1.108656,0.078808,7.65,0.9636,0.8667,0.5,0.6667
PAIRWISE_E20_ZURI_TO_CLEV_XGBoost,Zurich,Cleveland,XGBoost,trestbps,6,5,-1,0.097449,0.109608,0.012159,12.48,0.9636,0.8667,0.5,0.6667
PAIRWISE_E20_ZURI_TO_CLEV_XGBoost,Zurich,Cleveland,XGBoost,fbs,9,9,0,0.0,0.0,0.0,0.0,0.9636,0.8667,0.5,0.6667
PAIRWISE_E20_ZURI_TO_CLEV_XGBoost,Zurich,Cleveland,XGBoost,restecg,7,8,1,0.075685,0.06545,-0.010235,-13.52,0.9636,0.8667,0.5,0.6667
PAIRWISE_E20_ZURI_TO_CLEV_XGBoost,Zurich,Cleveland,XGBoost,thalach,2,2,0,0.56377,0.655571,0.091801,16.28,0.9636,0.8667,0.5,0.6667
PAIRWISE_E20_ZURI_TO_CLEV_XGBoost,Zurich,Cleveland,XGBoost,exang,5,6,1,0.125721,0.098175,-0.027546,-21.91,0.9636,0.8667,0.5,0.6667
PAIRWISE_E20_ZURI_TO_CLEV_XGBoost,Zurich,Cleveland,XGBoost,oldpeak,3,4,1,0.337892,0.286179,-0.051713,-15.3,0.9636,0.8667,0.5,0.6667
PAIRWISE_E20_ZURI_TO_CLEV_XGBoost,Zurich,Cleveland,XGBoost,slope,8,7,-1,0.05167,0.070456,0.018786,36.36,0.9636,0.8667,0.5,0.6667
PAIRWISE_E21_VA L_TO_CLEV_LogisticRegression,VA Long Beach,Cleveland,LogisticRegression,age,5,7,2,0.193785,0.259099,0.065314,33.7,0.7455,0.6444,0.5,0.6667
PAIRWISE_E21_VA L_TO_CLEV_LogisticRegression,VA Long Beach,Cleveland,LogisticRegression,sex,9,4,-5,0.062939,0.357001,0.294062,467.22,0.7455,0.6444,0.5,0.6667
PAIRWISE_E21_VA L_TO_CLEV_LogisticRegression,VA Long Beach,Cleveland,LogisticRegression,cp,1,1,0,0.446288,0.566374,0.120086,26.91,0.7455,0.6444,0.5,0.6667
PAIRWISE_E21_VA L_TO_CLEV_LogisticRegression,VA Long Beach,Cleveland,LogisticRegression,trestbps,10,10,0,0.037506,0.040784,0.003278,8.74,0.7455,0.6444,0.5,0.6667
PAIRWISE_E21_VA L_TO_CLEV_LogisticRegression,VA Long Beach,Cleveland,LogisticRegression,fbs,2,5,3,0.393008,0.332603,-0.060405,-15.37,0.7455,0.6444,0.5,0.6667
PAIRWISE_E21_VA L_TO_CLEV_LogisticRegression,VA Long Beach,Cleveland,LogisticRegression,restecg,6,6,0,0.173135,0.294376,0.121241,70.03,0.7455,0.6444,0.5,0.6667
PAIRWISE_E21_VA L_TO_CLEV_LogisticRegression,VA Long Beach,Cleveland,LogisticRegression,thalach,7,8,1,0.080977,0.15519,0.074213,91.65,0.7455,0.6444,0.5,0.6667
PAIRWISE_E21_VA L_TO_CLEV_LogisticRegression,VA Long Beach,Cleveland,LogisticRegression,exang,4,3,-1,0.313706,0.36488,0.051174,16.31,0.7455,0.6444,0.5,0.6667
PAIRWISE_E21_VA L_TO_CLEV_LogisticRegression,VA Long Beach,Cleveland,LogisticRegression,oldpeak,3,2,-1,0.328207,0.394057,0.06585,20.06,0.7455,0.6444,0.5,0.6667
PAIRWISE_E21_VA L_TO_CLEV_LogisticRegression,VA Long Beach,Cleveland,LogisticRegression,slope,8,9,1,0.069309,0.115237,0.045928,66.27,0.7455,0.6444,0.5,0.6667
PAIRWISE_E22_VA L_TO_CLEV_RandomForest,VA Long Beach,Cleveland,RandomForest,age,4,3,-1,0.027993,0.043884,0.015891,56.77,0.8667,0.6889,0.2,1.0
PAIRWISE_E22_VA L_TO_CLEV_RandomForest,VA Long Beach,Cleveland,RandomForest,sex,10,10,0,0.001552,0.005625,0.004073,262.44,0.8667,0.6889,0.2,1.0
PAIRWISE_E22_VA L_TO_CLEV_RandomForest,VA Long Beach,Cleveland,RandomForest,cp,1,1,0,0.054845,0.069546,0.014701,26.8,0.8667,0.6889,0.2,1.0
PAIRWISE_E22_VA L_TO_CLEV_RandomForest,VA Long Beach,Cleveland,RandomForest,trestbps,7,6,-1,0.019995,0.025038,0.005043,25.22,0.8667,0.6889,0.2,1.0
PAIRWISE_E22_VA L_TO_CLEV_RandomForest,VA Long Beach,Cleveland,RandomForest,fbs,6,7,1,0.023404,0.022246,-0.001158,-4.95,0.8667,0.6889,0.2,1.0
PAIRWISE_E22_VA L_TO_CLEV_RandomForest,VA Long Beach,Cleveland,RandomForest,restecg,9,8,-1,0.012188,0.021328,0.00914,74.99,0.8667,0.6889,0.2,1.0
PAIRWISE_E22_VA L_TO_CLEV_RandomForest,VA Long Beach,Cleveland,RandomForest,thalach,5,2,-3,0.024169,0.048525,0.024356,100.77,0.8667,0.6889,0.2,1.0
PAIRWISE_E22_VA L_TO_CLEV_RandomForest,VA Long Beach,Cleveland,RandomForest,exang,3,5,2,0.034138,0.036094,0.001956,5.73,0.8667,0.6889,0.2,1.0
PAIRWISE_E22_VA L_TO_CLEV_RandomForest,VA Long Beach,Cleveland,RandomForest,oldpeak,2,4,2,0.034925,0.039765,0.00484,13.86,0.8667,0.6889,0.2,1.0
PAIRWISE_E22_VA L_TO_CLEV_RandomForest,VA Long Beach,Cleveland,RandomForest,slope,8,9,1,0.013407,0.012042,-0.001365,-10.18,0.8667,0.6889,0.2,1.0
PAIRWISE_E23_VA L_TO_CLEV_SVM,VA Long Beach,Cleveland,SVM,age,9,10,1,0.010784,0.012186,0.001402,13.0,0.8788,0.7333,1.0,0.6667
PAIRWISE_E23_VA L_TO_CLEV_SVM,VA Long Beach,Cleveland,SVM,sex,10,8,-2,0.008796,0.017325,0.008529,96.96,0.8788,0.7333,1.0,0.6667
PAIRWISE_E23_VA L_TO_CLEV_SVM,VA Long Beach,Cleveland,SVM,cp,3,3,0,0.02541,0.033432,0.008022,31.57,0.8788,0.7333,1.0,0.6667
PAIRWISE_E23_VA L_TO_CLEV_SVM,VA Long Beach,Cleveland,SVM,trestbps,7,9,2,0.012333,0.015183,0.00285,23.11,0.8788,0.7333,1.0,0.6667
PAIRWISE_E23_VA L_TO_CLEV_SVM,VA Long Beach,Cleveland,SVM,fbs,1,2,1,0.047973,0.039377,-0.008596,-17.92,0.8788,0.7333,1.0,0.6667
PAIRWISE_E23_VA L_TO_CLEV_SVM,VA Long Beach,Cleveland,SVM,restecg,4,4,0,0.019724,0.029375,0.009651,48.93,0.8788,0.7333,1.0,0.6667
PAIRWISE_E23_VA L_TO_CLEV_SVM,VA Long Beach,Cleveland,SVM,thalach,5,7,2,0.018353,0.021459,0.003106,16.92,0.8788,0.7333,1.0,0.6667
PAIRWISE_E23_VA L_TO_CLEV_SVM,VA Long Beach,Cleveland,SVM,exang,2,1,-1,0.047034,0.041161,-0.005873,-12.49,0.8788,0.7333,1.0,0.6667
PAIRWISE_E23_VA L_TO_CLEV_SVM,VA Long Beach,Cleveland,SVM,oldpeak,6,5,-1,0.014984,0.02425,0.009266,61.84,0.8788,0.7333,1.0,0.6667
PAIRWISE_E23_VA L_TO_CLEV_SVM,VA Long Beach,Cleveland,SVM,slope,8,6,-2,0.012289,0.02289,0.010601,86.26,0.8788,0.7333,1.0,0.6667
PAIRWISE_E24_VA L_TO_CLEV_XGBoost,VA Long Beach,Cleveland,XGBoost,age,6,4,-2,0.186347,0.256976,0.070629,37.9,0.9273,0.7778,1.0,0.6667
PAIRWISE_E24_VA L_TO_CLEV_XGBoost,VA Long Beach,Cleveland,XGBoost,sex,10,10,0,0.003444,0.012423,0.008979,260.71,0.9273,0.7778,1.0,0.6667
PAIRWISE_E24_VA L_TO_CLEV_XGBoost,VA Long Beach,Cleveland,XGBoost,cp,1,1,0,0.436615,0.535021,0.098406,22.54,0.9273,0.7778,1.0,0.6667
PAIRWISE_E24_VA L_TO_CLEV_XGBoost,VA Long Beach,Cleveland,XGBoost,trestbps,7,8,1,0.162924,0.140714,-0.02221,-13.63,0.9273,0.7778,1.0,0.6667
PAIRWISE_E24_VA L_TO_CLEV_XGBoost,VA Long Beach,Cleveland,XGBoost,fbs,4,6,2,0.210543,0.211393,0.00085,0.4,0.9273,0.7778,1.0,0.6667
PAIRWISE_E24_VA L_TO_CLEV_XGBoost,VA Long Beach,Cleveland,XGBoost,restecg,8,7,-1,0.090447,0.14152,0.051073,56.47,0.9273,0.7778,1.0,0.6667
PAIRWISE_E24_VA L_TO_CLEV_XGBoost,VA Long Beach,Cleveland,XGBoost,thalach,3,2,-1,0.251991,0.345443,0.093452,37.09,0.9273,0.7778,1.0,0.6667
PAIRWISE_E24_VA L_TO_CLEV_XGBoost,VA Long Beach,Cleveland,XGBoost,exang,5,5,0,0.201519,0.224319,0.0228,11.31,0.9273,0.7778,1.0,0.6667
PAIRWISE_E24_VA L_TO_CLEV_XGBoost,VA Long Beach,Cleveland,XGBoost,oldpeak,2,3,1,0.3202,0.322485,0.002285,0.71,0.9273,0.7778,1.0,0.6667
PAIRWISE_E24_VA L_TO_CLEV_XGBoost,VA Long Beach,Cleveland,XGBoost,slope,9,9,0,0.072153,0.044602,-0.027551,-38.18,0.9273,0.7778,1.0,0.6667
