experiment_id,train_dataset,test_dataset,model,n_local_samples,mean_local_cosine_similarity,std_local_cosine_similarity,mean_local_spearman_correlation,std_local_spearman_correlation
PAIRWISE_E1_CLEV_TO_HUNG_LogisticRegression,Cleveland,Hungarian,LogisticRegression,25,0.043,0.4694,0.1148,0.3925
PAIRWISE_E2_CLEV_TO_HUNG_RandomForest,Cleveland,Hungarian,RandomForest,25,0.0573,0.5576,0.098,0.4424
PAIRWISE_E3_CLEV_TO_HUNG_SVM,Cleveland,Hungarian,SVM,25,0.0934,0.4849,0.1495,0.3994
PAIRWISE_E4_CLEV_TO_HUNG_XGBoost,Cleveland,Hungarian,XGBoost,25,0.0566,0.5083,0.0945,0.4247
PAIRWISE_E5_CLEV_TO_ZURI_LogisticRegression,Cleveland,Zurich,LogisticRegression,25,0.2974,0.4061,0.2392,0.3803
PAIRWISE_E6_CLEV_TO_ZURI_RandomForest,Cleveland,Zurich,RandomForest,25,0.2738,0.4436,0.2582,0.3896
PAIRWISE_E7_CLEV_TO_ZURI_SVM,Cleveland,Zurich,SVM,25,0.1798,0.4019,0.1628,0.3663
PAIRWISE_E8_CLEV_TO_ZURI_XGBoost,Cleveland,Zurich,XGBoost,25,0.3331,0.4351,0.2959,0.3805
PAIRWISE_E9_CLEV_TO_VA L_LogisticRegression,Cleveland,VA Long Beach,LogisticRegression,25,0.2793,0.4355,0.1584,0.4017
PAIRWISE_E10_CLEV_TO_VA L_RandomForest,Cleveland,VA Long Beach,RandomForest,25,0.1679,0.551,0.1663,0.4609
PAIRWISE_E11_CLEV_TO_VA L_SVM,Cleveland,VA Long Beach,SVM,25,0.2001,0.4563,0.1918,0.3813
PAIRWISE_E12_CLEV_TO_VA L_XGBoost,Cleveland,VA Long Beach,XGBoost,25,0.1933,0.5051,0.1499,0.4034
PAIRWISE_E13_HUNG_TO_CLEV_LogisticRegression,Hungarian,Cleveland,LogisticRegression,25,0.0636,0.5204,0.0628,0.4138
PAIRWISE_E14_HUNG_TO_CLEV_RandomForest,Hungarian,Cleveland,RandomForest,25,0.0245,0.4904,0.0437,0.4385
PAIRWISE_E15_HUNG_TO_CLEV_SVM,Hungarian,Cleveland,SVM,25,0.0285,0.4491,0.0059,0.4026
PAIRWISE_E16_HUNG_TO_CLEV_XGBoost,Hungarian,Cleveland,XGBoost,25,0.0147,0.4794,0.0481,0.3957
PAIRWISE_E17_ZURI_TO_CLEV_LogisticRegression,Zurich,Cleveland,LogisticRegression,25,0.2127,0.4434,0.2325,0.3848
PAIRWISE_E18_ZURI_TO_CLEV_RandomForest,Zurich,Cleveland,RandomForest,25,0.0877,0.5809,0.0397,0.4491
PAIRWISE_E19_ZURI_TO_CLEV_SVM,Zurich,Cleveland,SVM,25,0.1131,0.4755,0.1141,0.4183
PAIRWISE_E20_ZURI_TO_CLEV_XGBoost,Zurich,Cleveland,XGBoost,25,0.0587,0.6714,0.0339,0.4593
PAIRWISE_E21_VA L_TO_CLEV_LogisticRegression,VA Long Beach,Cleveland,LogisticRegression,25,0.1286,0.3951,0.0153,0.3789
PAIRWISE_E22_VA L_TO_CLEV_RandomForest,VA Long Beach,Cleveland,RandomForest,25,0.0564,0.4023,0.049,0.3564
PAIRWISE_E23_VA L_TO_CLEV_SVM,VA Long Beach,Cleveland,SVM,25,0.096,0.3709,0.105,0.382
PAIRWISE_E24_VA L_TO_CLEV_XGBoost,VA Long Beach,Cleveland,XGBoost,25,0.1194,0.4716,0.1912,0.3869
