experiment_id,train_dataset,test_dataset,model,subgroup_variable,subgroup_value,n_total,prevalence_pct,is_evaluable,status_note,mean_pred_proba,pred_pos_rate_50,brier_score,ece,calibration_slope,calibration_intercept
PAIRWISE_E10_CLEV_TO_VA L_RandomForest,Cleveland,VA Long Beach,RandomForest,sex,0,6,50.0,False,Small cell (N=6 < 30),0.4995,0.3333,0.1596,0.3297,,
PAIRWISE_E10_CLEV_TO_VA L_RandomForest,Cleveland,VA Long Beach,RandomForest,sex,1,193,75.13,True,Valid,0.6962,0.829,0.1645,0.0949,0.7343,0.4976
PAIRWISE_E10_CLEV_TO_VA L_RandomForest,Cleveland,VA Long Beach,RandomForest,age_group,<50,19,52.63,False,Small cell (N=19 < 30),0.4798,0.5263,0.2285,0.2182,,
PAIRWISE_E10_CLEV_TO_VA L_RandomForest,Cleveland,VA Long Beach,RandomForest,age_group,50-64,138,75.36,True,Valid,0.7252,0.8551,0.1601,0.0853,0.7439,0.3685
PAIRWISE_E10_CLEV_TO_VA L_RandomForest,Cleveland,VA Long Beach,RandomForest,age_group,>=65,42,80.95,True,Valid,0.6708,0.8095,0.1493,0.1516,1.1533,0.8339
PAIRWISE_E11_CLEV_TO_VA L_SVM,Cleveland,VA Long Beach,SVM,sex,0,6,50.0,False,Small cell (N=6 < 30),0.4962,0.3333,0.155,0.3195,,
PAIRWISE_E11_CLEV_TO_VA L_SVM,Cleveland,VA Long Beach,SVM,sex,1,193,75.13,True,Valid,0.7241,0.8394,0.1713,0.0866,0.6409,0.4628
PAIRWISE_E11_CLEV_TO_VA L_SVM,Cleveland,VA Long Beach,SVM,age_group,<50,19,52.63,False,Small cell (N=19 < 30),0.5255,0.6842,0.2635,0.2118,,
PAIRWISE_E11_CLEV_TO_VA L_SVM,Cleveland,VA Long Beach,SVM,age_group,50-64,138,75.36,True,Valid,0.7459,0.8478,0.1656,0.0736,0.6672,0.3596
PAIRWISE_E11_CLEV_TO_VA L_SVM,Cleveland,VA Long Beach,SVM,age_group,>=65,42,80.95,True,Valid,0.7097,0.8095,0.1458,0.1169,0.954,0.6981
PAIRWISE_E12_CLEV_TO_VA L_XGBoost,Cleveland,VA Long Beach,XGBoost,sex,0,6,50.0,False,Small cell (N=6 < 30),0.479,0.5,0.1835,0.3535,,
PAIRWISE_E12_CLEV_TO_VA L_XGBoost,Cleveland,VA Long Beach,XGBoost,sex,1,193,75.13,True,Valid,0.7413,0.8549,0.1586,0.0639,0.6803,0.3347
PAIRWISE_E12_CLEV_TO_VA L_XGBoost,Cleveland,VA Long Beach,XGBoost,age_group,<50,19,52.63,False,Small cell (N=19 < 30),0.4898,0.5263,0.2233,0.2492,,
PAIRWISE_E12_CLEV_TO_VA L_XGBoost,Cleveland,VA Long Beach,XGBoost,age_group,50-64,138,75.36,True,Valid,0.7708,0.8986,0.1608,0.0619,0.6685,0.2199
PAIRWISE_E12_CLEV_TO_VA L_XGBoost,Cleveland,VA Long Beach,XGBoost,age_group,>=65,42,80.95,True,Valid,0.7205,0.8095,0.1258,0.1455,1.0958,0.5834
PAIRWISE_E13_HUNG_TO_CLEV_LogisticRegression,Hungarian,Cleveland,LogisticRegression,sex,0,97,25.77,True,Valid,0.2351,0.1959,0.0953,0.0842,0.9005,0.1327
PAIRWISE_E13_HUNG_TO_CLEV_LogisticRegression,Hungarian,Cleveland,LogisticRegression,sex,1,206,55.34,True,Valid,0.4782,0.466,0.201,0.1344,0.5263,0.3545
PAIRWISE_E13_HUNG_TO_CLEV_LogisticRegression,Hungarian,Cleveland,LogisticRegression,age_group,<50,87,29.89,True,Valid,0.2685,0.2299,0.1502,0.1124,0.6476,-0.0702
PAIRWISE_E13_HUNG_TO_CLEV_LogisticRegression,Hungarian,Cleveland,LogisticRegression,age_group,50-64,175,53.14,True,Valid,0.4624,0.4514,0.1831,0.1027,0.5464,0.3308
PAIRWISE_E13_HUNG_TO_CLEV_LogisticRegression,Hungarian,Cleveland,LogisticRegression,age_group,>=65,41,48.78,True,Valid,0.4151,0.3902,0.1351,0.1511,1.2438,0.7236
PAIRWISE_E14_HUNG_TO_CLEV_RandomForest,Hungarian,Cleveland,RandomForest,sex,0,97,25.77,True,Valid,0.2884,0.1959,0.1135,0.1365,1.9288,0.2711
PAIRWISE_E14_HUNG_TO_CLEV_RandomForest,Hungarian,Cleveland,RandomForest,sex,1,206,55.34,True,Valid,0.4413,0.3981,0.1734,0.1121,1.2348,0.7481
PAIRWISE_E14_HUNG_TO_CLEV_RandomForest,Hungarian,Cleveland,RandomForest,age_group,<50,87,29.89,True,Valid,0.2868,0.1609,0.1293,0.1244,1.4506,0.4219
PAIRWISE_E14_HUNG_TO_CLEV_RandomForest,Hungarian,Cleveland,RandomForest,age_group,50-64,175,53.14,True,Valid,0.4341,0.4114,0.1713,0.1278,1.2239,0.6372
PAIRWISE_E14_HUNG_TO_CLEV_RandomForest,Hungarian,Cleveland,RandomForest,age_group,>=65,41,48.78,True,Valid,0.4381,0.3659,0.1345,0.1844,3.153,1.1017
PAIRWISE_E15_HUNG_TO_CLEV_SVM,Hungarian,Cleveland,SVM,sex,0,97,25.77,True,Valid,0.2866,0.1443,0.1214,0.1543,2.5717,0.8394
PAIRWISE_E15_HUNG_TO_CLEV_SVM,Hungarian,Cleveland,SVM,sex,1,206,55.34,True,Valid,0.4462,0.4175,0.2021,0.1253,1.0009,0.5594
PAIRWISE_E15_HUNG_TO_CLEV_SVM,Hungarian,Cleveland,SVM,age_group,<50,87,29.89,True,Valid,0.3067,0.1839,0.1411,0.0945,1.4281,0.2983
PAIRWISE_E15_HUNG_TO_CLEV_SVM,Hungarian,Cleveland,SVM,age_group,50-64,175,53.14,True,Valid,0.4304,0.3943,0.1959,0.1419,1.09,0.5698
PAIRWISE_E15_HUNG_TO_CLEV_SVM,Hungarian,Cleveland,SVM,age_group,>=65,41,48.78,True,Valid,0.4324,0.3659,0.1671,0.1666,2.6154,0.7578
PAIRWISE_E16_HUNG_TO_CLEV_XGBoost,Hungarian,Cleveland,XGBoost,sex,0,97,25.77,True,Valid,0.2567,0.1856,0.1204,0.0802,1.3817,0.305
PAIRWISE_E16_HUNG_TO_CLEV_XGBoost,Hungarian,Cleveland,XGBoost,sex,1,206,55.34,True,Valid,0.4911,0.4757,0.1749,0.0849,0.8417,0.3626
PAIRWISE_E16_HUNG_TO_CLEV_XGBoost,Hungarian,Cleveland,XGBoost,age_group,<50,87,29.89,True,Valid,0.2941,0.2069,0.1292,0.1059,1.159,0.1404
PAIRWISE_E16_HUNG_TO_CLEV_XGBoost,Hungarian,Cleveland,XGBoost,age_group,50-64,175,53.14,True,Valid,0.4619,0.4571,0.1818,0.0825,0.7966,0.3594
PAIRWISE_E16_HUNG_TO_CLEV_XGBoost,Hungarian,Cleveland,XGBoost,age_group,>=65,41,48.78,True,Valid,0.4793,0.439,0.1136,0.1418,2.072,0.2772
PAIRWISE_E17_ZURI_TO_CLEV_LogisticRegression,Zurich,Cleveland,LogisticRegression,sex,0,97,25.77,True,Valid,0.9502,1.0,0.6582,0.6924,1.6898,-7.1433
PAIRWISE_E17_ZURI_TO_CLEV_LogisticRegression,Zurich,Cleveland,LogisticRegression,sex,1,206,55.34,True,Valid,0.8229,0.9466,0.2806,0.2695,1.0501,-1.7279
PAIRWISE_E17_ZURI_TO_CLEV_LogisticRegression,Zurich,Cleveland,LogisticRegression,age_group,<50,87,29.89,True,Valid,0.8189,0.9655,0.4742,0.5201,0.452,-1.7652
PAIRWISE_E17_ZURI_TO_CLEV_LogisticRegression,Zurich,Cleveland,LogisticRegression,age_group,50-64,175,53.14,True,Valid,0.8753,0.9543,0.3578,0.3438,0.4135,-0.9074
PAIRWISE_E17_ZURI_TO_CLEV_LogisticRegression,Zurich,Cleveland,LogisticRegression,age_group,>=65,41,48.78,True,Valid,0.9092,1.0,0.4339,0.438,-0.0284,0.0267
PAIRWISE_E18_ZURI_TO_CLEV_RandomForest,Zurich,Cleveland,RandomForest,sex,0,97,25.77,True,Valid,0.826,1.0,0.4778,0.5683,0.8406,-2.9104
PAIRWISE_E18_ZURI_TO_CLEV_RandomForest,Zurich,Cleveland,RandomForest,sex,1,206,55.34,True,Valid,0.847,1.0,0.2778,0.2936,0.9572,-1.7602
PAIRWISE_E18_ZURI_TO_CLEV_RandomForest,Zurich,Cleveland,RandomForest,age_group,<50,87,29.89,True,Valid,0.7878,1.0,0.3953,0.4889,1.321,-3.3553
PAIRWISE_E18_ZURI_TO_CLEV_RandomForest,Zurich,Cleveland,RandomForest,age_group,50-64,175,53.14,True,Valid,0.8645,1.0,0.315,0.3379,0.6557,-1.4033
PAIRWISE_E18_ZURI_TO_CLEV_RandomForest,Zurich,Cleveland,RandomForest,age_group,>=65,41,48.78,True,Valid,0.8485,1.0,0.343,0.3607,1.8146,-3.483
PAIRWISE_E19_ZURI_TO_CLEV_SVM,Zurich,Cleveland,SVM,sex,0,97,25.77,True,Valid,0.9249,1.0,0.6343,0.6672,8.151,-21.7449
PAIRWISE_E19_ZURI_TO_CLEV_SVM,Zurich,Cleveland,SVM,sex,1,206,55.34,True,Valid,0.9072,1.0,0.3562,0.3538,2.4362,-5.5659
PAIRWISE_E19_ZURI_TO_CLEV_SVM,Zurich,Cleveland,SVM,age_group,<50,87,29.89,True,Valid,0.8983,1.0,0.5534,0.5994,4.2269,-11.1626
PAIRWISE_E19_ZURI_TO_CLEV_SVM,Zurich,Cleveland,SVM,age_group,50-64,175,53.14,True,Valid,0.9179,1.0,0.3923,0.3865,1.8137,-4.3406
PAIRWISE_E19_ZURI_TO_CLEV_SVM,Zurich,Cleveland,SVM,age_group,>=65,41,48.78,True,Valid,0.9224,1.0,0.4419,0.4542,-0.8245,2.0117
PAIRWISE_E1_CLEV_TO_HUNG_LogisticRegression,Cleveland,Hungarian,LogisticRegression,sex,0,80,15.0,True,Valid,0.1538,0.125,0.0995,0.0501,0.8293,-0.2455
PAIRWISE_E1_CLEV_TO_HUNG_LogisticRegression,Cleveland,Hungarian,LogisticRegression,sex,1,213,44.13,True,Valid,0.5022,0.4977,0.1491,0.0755,0.9328,-0.4148
PAIRWISE_E1_CLEV_TO_HUNG_LogisticRegression,Cleveland,Hungarian,LogisticRegression,age_group,<50,160,32.5,True,Valid,0.3263,0.2812,0.1283,0.0616,0.9171,-0.0543
PAIRWISE_E1_CLEV_TO_HUNG_LogisticRegression,Cleveland,Hungarian,LogisticRegression,age_group,50-64,129,38.76,True,Valid,0.4902,0.5194,0.1487,0.13,0.9549,-0.7434
PAIRWISE_E1_CLEV_TO_HUNG_LogisticRegression,Cleveland,Hungarian,LogisticRegression,age_group,>=65,4,100.0,False,Small cell (N=4 < 30),0.9602,1.0,0.0017,0.0398,,
PAIRWISE_E20_ZURI_TO_CLEV_XGBoost,Zurich,Cleveland,XGBoost,sex,0,97,25.77,True,Valid,0.798,0.9381,0.4388,0.5403,1.0369,-3.399
PAIRWISE_E20_ZURI_TO_CLEV_XGBoost,Zurich,Cleveland,XGBoost,sex,1,206,55.34,True,Valid,0.826,0.9612,0.2542,0.2726,0.984,-1.8197
PAIRWISE_E20_ZURI_TO_CLEV_XGBoost,Zurich,Cleveland,XGBoost,age_group,<50,87,29.89,True,Valid,0.7222,0.8966,0.3305,0.4281,0.9689,-2.4961
PAIRWISE_E20_ZURI_TO_CLEV_XGBoost,Zurich,Cleveland,XGBoost,age_group,50-64,175,53.14,True,Valid,0.8465,0.9714,0.2868,0.3151,0.9523,-2.0257
PAIRWISE_E20_ZURI_TO_CLEV_XGBoost,Zurich,Cleveland,XGBoost,age_group,>=65,41,48.78,True,Valid,0.8922,1.0,0.3897,0.4044,0.8722,-2.2182
PAIRWISE_E21_VA L_TO_CLEV_LogisticRegression,VA Long Beach,Cleveland,LogisticRegression,sex,0,97,25.77,True,Valid,0.2862,0.2062,0.1054,0.1099,1.7682,0.2882
PAIRWISE_E21_VA L_TO_CLEV_LogisticRegression,VA Long Beach,Cleveland,LogisticRegression,sex,1,206,55.34,True,Valid,0.5232,0.534,0.1791,0.0526,1.0221,0.1674
PAIRWISE_E21_VA L_TO_CLEV_LogisticRegression,VA Long Beach,Cleveland,LogisticRegression,age_group,<50,87,29.89,True,Valid,0.3059,0.2184,0.1339,0.1029,1.5225,0.2736
PAIRWISE_E21_VA L_TO_CLEV_LogisticRegression,VA Long Beach,Cleveland,LogisticRegression,age_group,50-64,175,53.14,True,Valid,0.5017,0.5143,0.1724,0.095,1.0075,0.1701
PAIRWISE_E21_VA L_TO_CLEV_LogisticRegression,VA Long Beach,Cleveland,LogisticRegression,age_group,>=65,41,48.78,True,Valid,0.5156,0.5122,0.1293,0.1502,1.9626,-0.1891
PAIRWISE_E22_VA L_TO_CLEV_RandomForest,VA Long Beach,Cleveland,RandomForest,sex,0,97,25.77,True,Valid,0.5564,0.6495,0.2312,0.3178,2.5526,-2.3004
PAIRWISE_E22_VA L_TO_CLEV_RandomForest,VA Long Beach,Cleveland,RandomForest,sex,1,206,55.34,True,Valid,0.6074,0.6893,0.1929,0.0906,1.5344,-0.4711
PAIRWISE_E22_VA L_TO_CLEV_RandomForest,VA Long Beach,Cleveland,RandomForest,age_group,<50,87,29.89,True,Valid,0.4546,0.3563,0.1877,0.1907,2.1729,-0.6882
PAIRWISE_E22_VA L_TO_CLEV_RandomForest,VA Long Beach,Cleveland,RandomForest,age_group,50-64,175,53.14,True,Valid,0.6415,0.7886,0.2036,0.1563,1.8069,-1.0014
PAIRWISE_E22_VA L_TO_CLEV_RandomForest,VA Long Beach,Cleveland,RandomForest,age_group,>=65,41,48.78,True,Valid,0.6653,0.878,0.2486,0.2217,1.341,-1.0556
PAIRWISE_E23_VA L_TO_CLEV_SVM,VA Long Beach,Cleveland,SVM,sex,0,97,25.77,True,Valid,0.7117,1.0,0.3854,0.458,5.2483,-6.0815
PAIRWISE_E23_VA L_TO_CLEV_SVM,VA Long Beach,Cleveland,SVM,sex,1,206,55.34,True,Valid,0.6666,0.8932,0.2397,0.1386,1.1111,-0.5998
PAIRWISE_E23_VA L_TO_CLEV_SVM,VA Long Beach,Cleveland,SVM,age_group,<50,87,29.89,True,Valid,0.6396,0.8851,0.3462,0.3656,-0.2835,-0.6861
PAIRWISE_E23_VA L_TO_CLEV_SVM,VA Long Beach,Cleveland,SVM,age_group,50-64,175,53.14,True,Valid,0.7008,0.9371,0.2574,0.195,1.4077,-1.1445
PAIRWISE_E23_VA L_TO_CLEV_SVM,VA Long Beach,Cleveland,SVM,age_group,>=65,41,48.78,True,Valid,0.6843,0.9756,0.2828,0.3041,1.0321,-0.8751
PAIRWISE_E24_VA L_TO_CLEV_XGBoost,VA Long Beach,Cleveland,XGBoost,sex,0,97,25.77,True,Valid,0.5093,0.4948,0.1887,0.26,1.7,-1.906
PAIRWISE_E24_VA L_TO_CLEV_XGBoost,VA Long Beach,Cleveland,XGBoost,sex,1,206,55.34,True,Valid,0.5773,0.5825,0.1775,0.0842,1.0781,-0.1544
PAIRWISE_E24_VA L_TO_CLEV_XGBoost,VA Long Beach,Cleveland,XGBoost,age_group,<50,87,29.89,True,Valid,0.3809,0.2759,0.1538,0.1009,1.3338,-0.3932
PAIRWISE_E24_VA L_TO_CLEV_XGBoost,VA Long Beach,Cleveland,XGBoost,age_group,50-64,175,53.14,True,Valid,0.6221,0.6629,0.1866,0.1137,1.186,-0.596
PAIRWISE_E24_VA L_TO_CLEV_XGBoost,VA Long Beach,Cleveland,XGBoost,age_group,>=65,41,48.78,True,Valid,0.6421,0.6829,0.2154,0.1623,1.1928,-0.918
PAIRWISE_E2_CLEV_TO_HUNG_RandomForest,Cleveland,Hungarian,RandomForest,sex,0,80,15.0,True,Valid,0.2606,0.15,0.1281,0.1278,0.6592,-1.16
PAIRWISE_E2_CLEV_TO_HUNG_RandomForest,Cleveland,Hungarian,RandomForest,sex,1,213,44.13,True,Valid,0.5099,0.4648,0.1413,0.0977,1.2268,-0.4531
PAIRWISE_E2_CLEV_TO_HUNG_RandomForest,Cleveland,Hungarian,RandomForest,age_group,<50,160,32.5,True,Valid,0.382,0.3,0.1265,0.1215,1.1722,-0.3459
PAIRWISE_E2_CLEV_TO_HUNG_RandomForest,Cleveland,Hungarian,RandomForest,age_group,50-64,129,38.76,True,Valid,0.501,0.4574,0.1557,0.1134,1.0242,-0.7606
PAIRWISE_E2_CLEV_TO_HUNG_RandomForest,Cleveland,Hungarian,RandomForest,age_group,>=65,4,100.0,False,Small cell (N=4 < 30),0.9264,1.0,0.0058,0.0736,,
PAIRWISE_E3_CLEV_TO_HUNG_SVM,Cleveland,Hungarian,SVM,sex,0,80,15.0,True,Valid,0.2578,0.1625,0.1164,0.1275,0.8419,-1.0489
PAIRWISE_E3_CLEV_TO_HUNG_SVM,Cleveland,Hungarian,SVM,sex,1,213,44.13,True,Valid,0.5105,0.4977,0.1508,0.0869,1.1857,-0.4557
PAIRWISE_E3_CLEV_TO_HUNG_SVM,Cleveland,Hungarian,SVM,age_group,<50,160,32.5,True,Valid,0.379,0.3125,0.1295,0.0922,1.2707,-0.2758
PAIRWISE_E3_CLEV_TO_HUNG_SVM,Cleveland,Hungarian,SVM,age_group,50-64,129,38.76,True,Valid,0.5054,0.5039,0.1601,0.1233,1.045,-0.798
PAIRWISE_E3_CLEV_TO_HUNG_SVM,Cleveland,Hungarian,SVM,age_group,>=65,4,100.0,False,Small cell (N=4 < 30),0.8827,1.0,0.0147,0.1173,,
PAIRWISE_E4_CLEV_TO_HUNG_XGBoost,Cleveland,Hungarian,XGBoost,sex,0,80,15.0,True,Valid,0.2109,0.1375,0.1212,0.1164,0.5923,-0.9898
PAIRWISE_E4_CLEV_TO_HUNG_XGBoost,Cleveland,Hungarian,XGBoost,sex,1,213,44.13,True,Valid,0.5226,0.4789,0.1472,0.0941,1.0444,-0.57
PAIRWISE_E4_CLEV_TO_HUNG_XGBoost,Cleveland,Hungarian,XGBoost,age_group,<50,160,32.5,True,Valid,0.367,0.3,0.122,0.0619,0.9968,-0.3374
PAIRWISE_E4_CLEV_TO_HUNG_XGBoost,Cleveland,Hungarian,XGBoost,age_group,50-64,129,38.76,True,Valid,0.5092,0.4729,0.1668,0.1216,0.8839,-0.8121
PAIRWISE_E4_CLEV_TO_HUNG_XGBoost,Cleveland,Hungarian,XGBoost,age_group,>=65,4,100.0,False,Small cell (N=4 < 30),0.9433,1.0,0.0033,0.0567,,
PAIRWISE_E5_CLEV_TO_ZURI_LogisticRegression,Cleveland,Zurich,LogisticRegression,sex,0,10,100.0,False,Small cell (N=10 < 30),0.3869,0.3,0.448,0.6131,,
PAIRWISE_E5_CLEV_TO_ZURI_LogisticRegression,Cleveland,Zurich,LogisticRegression,sex,1,113,92.92,True,Valid,0.7152,0.8053,0.1386,0.214,0.6398,2.1658
PAIRWISE_E5_CLEV_TO_ZURI_LogisticRegression,Cleveland,Zurich,LogisticRegression,age_group,<50,25,92.0,False,Small cell (N=25 < 30),0.5236,0.56,0.2519,0.3964,,
PAIRWISE_E5_CLEV_TO_ZURI_LogisticRegression,Cleveland,Zurich,LogisticRegression,age_group,50-64,82,95.12,True,Valid,0.7232,0.8049,0.1349,0.228,0.5346,2.5649
PAIRWISE_E5_CLEV_TO_ZURI_LogisticRegression,Cleveland,Zurich,LogisticRegression,age_group,>=65,16,87.5,False,Small cell (N=16 < 30),0.7688,0.875,0.1743,0.222,,
PAIRWISE_E6_CLEV_TO_ZURI_RandomForest,Cleveland,Zurich,RandomForest,sex,0,10,100.0,False,Small cell (N=10 < 30),0.4914,0.4,0.3226,0.5086,,
PAIRWISE_E6_CLEV_TO_ZURI_RandomForest,Cleveland,Zurich,RandomForest,sex,1,113,92.92,True,Valid,0.6466,0.7434,0.1492,0.2918,1.954,2.4033
PAIRWISE_E6_CLEV_TO_ZURI_RandomForest,Cleveland,Zurich,RandomForest,age_group,<50,25,92.0,False,Small cell (N=25 < 30),0.565,0.52,0.189,0.3616,,
PAIRWISE_E6_CLEV_TO_ZURI_RandomForest,Cleveland,Zurich,RandomForest,age_group,50-64,82,95.12,True,Valid,0.6593,0.7561,0.148,0.2919,1.8038,2.7004
PAIRWISE_E6_CLEV_TO_ZURI_RandomForest,Cleveland,Zurich,RandomForest,age_group,>=65,16,87.5,False,Small cell (N=16 < 30),0.6119,0.8125,0.2014,0.2631,,
PAIRWISE_E7_CLEV_TO_ZURI_SVM,Cleveland,Zurich,SVM,sex,0,10,100.0,False,Small cell (N=10 < 30),0.4177,0.5,0.3948,0.5823,,
PAIRWISE_E7_CLEV_TO_ZURI_SVM,Cleveland,Zurich,SVM,sex,1,113,92.92,True,Valid,0.6657,0.7611,0.1429,0.2635,1.3723,2.209
PAIRWISE_E7_CLEV_TO_ZURI_SVM,Cleveland,Zurich,SVM,age_group,<50,25,92.0,False,Small cell (N=25 < 30),0.5723,0.56,0.1965,0.3477,,
PAIRWISE_E7_CLEV_TO_ZURI_SVM,Cleveland,Zurich,SVM,age_group,50-64,82,95.12,True,Valid,0.6682,0.8171,0.1474,0.283,1.0362,2.6233
PAIRWISE_E7_CLEV_TO_ZURI_SVM,Cleveland,Zurich,SVM,age_group,>=65,16,87.5,False,Small cell (N=16 < 30),0.6434,0.625,0.1933,0.2767,,
PAIRWISE_E8_CLEV_TO_ZURI_XGBoost,Cleveland,Zurich,XGBoost,sex,0,10,100.0,False,Small cell (N=10 < 30),0.4539,0.4,0.3717,0.5461,,
PAIRWISE_E8_CLEV_TO_ZURI_XGBoost,Cleveland,Zurich,XGBoost,sex,1,113,92.92,True,Valid,0.6838,0.7788,0.1363,0.2462,1.1754,2.1845
PAIRWISE_E8_CLEV_TO_ZURI_XGBoost,Cleveland,Zurich,XGBoost,age_group,<50,25,92.0,False,Small cell (N=25 < 30),0.5676,0.6,0.1942,0.3559,,
PAIRWISE_E8_CLEV_TO_ZURI_XGBoost,Cleveland,Zurich,XGBoost,age_group,50-64,82,95.12,True,Valid,0.7011,0.8049,0.1299,0.2502,1.0477,2.4836
PAIRWISE_E8_CLEV_TO_ZURI_XGBoost,Cleveland,Zurich,XGBoost,age_group,>=65,16,87.5,False,Small cell (N=16 < 30),0.6332,0.6875,0.2259,0.368,,
PAIRWISE_E9_CLEV_TO_VA L_LogisticRegression,Cleveland,VA Long Beach,LogisticRegression,sex,0,6,50.0,False,Small cell (N=6 < 30),0.352,0.3333,0.1857,0.283,,
PAIRWISE_E9_CLEV_TO_VA L_LogisticRegression,Cleveland,VA Long Beach,LogisticRegression,sex,1,193,75.13,True,Valid,0.7689,0.8497,0.1592,0.075,0.6715,0.1992
PAIRWISE_E9_CLEV_TO_VA L_LogisticRegression,Cleveland,VA Long Beach,LogisticRegression,age_group,<50,19,52.63,False,Small cell (N=19 < 30),0.5286,0.5789,0.2571,0.2792,,
PAIRWISE_E9_CLEV_TO_VA L_LogisticRegression,Cleveland,VA Long Beach,LogisticRegression,age_group,50-64,138,75.36,True,Valid,0.7757,0.8551,0.1558,0.0518,0.691,0.1685
PAIRWISE_E9_CLEV_TO_VA L_LogisticRegression,Cleveland,VA Long Beach,LogisticRegression,age_group,>=65,42,80.95,True,Valid,0.7959,0.881,0.13,0.1196,0.6477,0.4777
