experiment_id,train_dataset,test_dataset,model,comparison_type,subgroup_a,subgroup_b,n_a,n_b,is_evaluable_comparison,comparison_note,abs_delta_prevalence_pct,abs_delta_roc_auc,abs_delta_brier,abs_delta_ece,abs_delta_sensitivity,abs_delta_specificity
PAIRWISE_E10_CLEV_TO_VA L_RandomForest,Cleveland,VA Long Beach,RandomForest,Sex (Male vs Female),Male (sex=1),Female (sex=0),193,6,False,Suppressed: Small cell (N=6 < 30) | Valid,25.13,,0.0049,0.2348,23.67,
PAIRWISE_E10_CLEV_TO_VA L_RandomForest,Cleveland,VA Long Beach,RandomForest,Age (<50 vs 50-64),Age <50,Age 50-64,19,138,False,Suppressed: Small cell (N=19 < 30) | Valid,22.73,,0.0684,0.1329,22.31,
PAIRWISE_E10_CLEV_TO_VA L_RandomForest,Cleveland,VA Long Beach,RandomForest,Age (50-64 vs >=65),Age 50-64,Age >=65,138,42,True,"Both evaluable (N>=30, 2 classes)",5.59,3.38,0.0108,0.0663,4.07,14.71
PAIRWISE_E10_CLEV_TO_VA L_RandomForest,Cleveland,VA Long Beach,RandomForest,Age (<50 vs >=65),Age <50,Age >=65,19,42,False,Suppressed: Small cell (N=19 < 30) | Valid,28.32,,0.0792,0.0666,18.24,
PAIRWISE_E11_CLEV_TO_VA L_SVM,Cleveland,VA Long Beach,SVM,Sex (Male vs Female),Male (sex=1),Female (sex=0),193,6,False,Suppressed: Small cell (N=6 < 30) | Valid,25.13,,0.0163,0.2329,23.67,
PAIRWISE_E11_CLEV_TO_VA L_SVM,Cleveland,VA Long Beach,SVM,Age (<50 vs 50-64),Age <50,Age 50-64,19,138,False,Suppressed: Small cell (N=19 < 30) | Valid,22.73,,0.0979,0.1382,11.35,
PAIRWISE_E11_CLEV_TO_VA L_SVM,Cleveland,VA Long Beach,SVM,Age (50-64 vs >=65),Age 50-64,Age >=65,138,42,True,"Both evaluable (N>=30, 2 classes)",5.59,4.12,0.0198,0.0433,3.11,14.71
PAIRWISE_E11_CLEV_TO_VA L_SVM,Cleveland,VA Long Beach,SVM,Age (<50 vs >=65),Age <50,Age >=65,19,42,False,Suppressed: Small cell (N=19 < 30) | Valid,28.32,,0.1177,0.0949,8.24,
PAIRWISE_E12_CLEV_TO_VA L_XGBoost,Cleveland,VA Long Beach,XGBoost,Sex (Male vs Female),Male (sex=1),Female (sex=0),193,6,False,Suppressed: Small cell (N=6 < 30) | Valid,25.13,,0.0249,0.2896,25.74,
PAIRWISE_E12_CLEV_TO_VA L_XGBoost,Cleveland,VA Long Beach,XGBoost,Age (<50 vs 50-64),Age <50,Age 50-64,19,138,False,Suppressed: Small cell (N=19 < 30) | Valid,22.73,,0.0625,0.1873,35.19,
PAIRWISE_E12_CLEV_TO_VA L_XGBoost,Cleveland,VA Long Beach,XGBoost,Age (50-64 vs >=65),Age 50-64,Age >=65,138,42,True,"Both evaluable (N>=30, 2 classes)",5.59,7.19,0.035,0.0836,4.01,36.03
PAIRWISE_E12_CLEV_TO_VA L_XGBoost,Cleveland,VA Long Beach,XGBoost,Age (<50 vs >=65),Age <50,Age >=65,19,42,False,Suppressed: Small cell (N=19 < 30) | Valid,28.32,,0.0975,0.1037,31.18,
PAIRWISE_E13_HUNG_TO_CLEV_LogisticRegression,Hungarian,Cleveland,LogisticRegression,Sex (Male vs Female),Male (sex=1),Female (sex=0),206,97,True,"Both evaluable (N>=30, 2 classes)",29.57,6.14,0.1057,0.0502,8.42,14.01
PAIRWISE_E13_HUNG_TO_CLEV_LogisticRegression,Hungarian,Cleveland,LogisticRegression,Age (<50 vs 50-64),Age <50,Age 50-64,87,175,True,"Both evaluable (N>=30, 2 classes)",23.25,4.72,0.0329,0.0097,12.2,8.87
PAIRWISE_E13_HUNG_TO_CLEV_LogisticRegression,Hungarian,Cleveland,LogisticRegression,Age (50-64 vs >=65),Age 50-64,Age >=65,175,41,True,"Both evaluable (N>=30, 2 classes)",4.36,9.39,0.048,0.0484,4.89,2.78
PAIRWISE_E13_HUNG_TO_CLEV_LogisticRegression,Hungarian,Cleveland,LogisticRegression,Age (<50 vs >=65),Age <50,Age >=65,87,41,True,"Both evaluable (N>=30, 2 classes)",18.89,4.67,0.0151,0.0387,7.31,6.09
PAIRWISE_E14_HUNG_TO_CLEV_RandomForest,Hungarian,Cleveland,RandomForest,Sex (Male vs Female),Male (sex=1),Female (sex=0),206,97,True,"Both evaluable (N>=30, 2 classes)",29.57,3.94,0.0599,0.0244,3.96,7.0
PAIRWISE_E14_HUNG_TO_CLEV_RandomForest,Hungarian,Cleveland,RandomForest,Age (<50 vs 50-64),Age <50,Age 50-64,87,175,True,"Both evaluable (N>=30, 2 classes)",23.25,3.78,0.042,0.0034,17.74,9.34
PAIRWISE_E14_HUNG_TO_CLEV_RandomForest,Hungarian,Cleveland,RandomForest,Age (50-64 vs >=65),Age 50-64,Age >=65,175,41,True,"Both evaluable (N>=30, 2 classes)",4.36,9.56,0.0368,0.0566,2.26,6.22
PAIRWISE_E14_HUNG_TO_CLEV_RandomForest,Hungarian,Cleveland,RandomForest,Age (<50 vs >=65),Age <50,Age >=65,87,41,True,"Both evaluable (N>=30, 2 classes)",18.89,5.78,0.0052,0.06,20.0,3.12
PAIRWISE_E15_HUNG_TO_CLEV_SVM,Hungarian,Cleveland,SVM,Sex (Male vs Female),Male (sex=1),Female (sex=0),206,97,True,"Both evaluable (N>=30, 2 classes)",29.57,12.56,0.0807,0.029,7.16,15.22
PAIRWISE_E15_HUNG_TO_CLEV_SVM,Hungarian,Cleveland,SVM,Age (<50 vs 50-64),Age <50,Age 50-64,87,175,True,"Both evaluable (N>=30, 2 classes)",23.25,0.38,0.0548,0.0474,8.52,10.13
PAIRWISE_E15_HUNG_TO_CLEV_SVM,Hungarian,Cleveland,SVM,Age (50-64 vs >=65),Age 50-64,Age >=65,175,41,True,"Both evaluable (N>=30, 2 classes)",4.36,9.23,0.0288,0.0247,7.63,8.65
PAIRWISE_E15_HUNG_TO_CLEV_SVM,Hungarian,Cleveland,SVM,Age (<50 vs >=65),Age <50,Age >=65,87,41,True,"Both evaluable (N>=30, 2 classes)",18.89,8.85,0.026,0.0721,16.15,1.48
PAIRWISE_E16_HUNG_TO_CLEV_XGBoost,Hungarian,Cleveland,XGBoost,Sex (Male vs Female),Male (sex=1),Female (sex=0),206,97,True,"Both evaluable (N>=30, 2 classes)",29.57,2.16,0.0545,0.0047,13.3,15.09
PAIRWISE_E16_HUNG_TO_CLEV_XGBoost,Hungarian,Cleveland,XGBoost,Age (<50 vs 50-64),Age <50,Age 50-64,87,175,True,"Both evaluable (N>=30, 2 classes)",23.25,7.56,0.0526,0.0234,19.89,10.09
PAIRWISE_E16_HUNG_TO_CLEV_XGBoost,Hungarian,Cleveland,XGBoost,Age (50-64 vs >=65),Age 50-64,Age >=65,175,41,True,"Both evaluable (N>=30, 2 classes)",4.36,12.25,0.0682,0.0593,5.11,4.0
PAIRWISE_E16_HUNG_TO_CLEV_XGBoost,Hungarian,Cleveland,XGBoost,Age (<50 vs >=65),Age <50,Age >=65,87,41,True,"Both evaluable (N>=30, 2 classes)",18.89,4.69,0.0156,0.0359,25.0,6.09
PAIRWISE_E17_ZURI_TO_CLEV_LogisticRegression,Zurich,Cleveland,LogisticRegression,Sex (Male vs Female),Male (sex=1),Female (sex=0),206,97,True,"Both evaluable (N>=30, 2 classes)",29.57,4.17,0.3776,0.4229,3.51,7.61
PAIRWISE_E17_ZURI_TO_CLEV_LogisticRegression,Zurich,Cleveland,LogisticRegression,Age (<50 vs 50-64),Age <50,Age 50-64,87,175,True,"Both evaluable (N>=30, 2 classes)",23.25,0.62,0.1164,0.1763,0.62,2.82
PAIRWISE_E17_ZURI_TO_CLEV_LogisticRegression,Zurich,Cleveland,LogisticRegression,Age (50-64 vs >=65),Age 50-64,Age >=65,175,41,True,"Both evaluable (N>=30, 2 classes)",4.36,16.12,0.0761,0.0942,3.23,6.1
PAIRWISE_E17_ZURI_TO_CLEV_LogisticRegression,Zurich,Cleveland,LogisticRegression,Age (<50 vs >=65),Age <50,Age >=65,87,41,True,"Both evaluable (N>=30, 2 classes)",18.89,16.74,0.0403,0.0821,3.85,3.28
PAIRWISE_E18_ZURI_TO_CLEV_RandomForest,Zurich,Cleveland,RandomForest,Sex (Male vs Female),Male (sex=1),Female (sex=0),206,97,True,"Both evaluable (N>=30, 2 classes)",29.57,0.03,0.2,0.2747,0.0,0.0
PAIRWISE_E18_ZURI_TO_CLEV_RandomForest,Zurich,Cleveland,RandomForest,Age (<50 vs 50-64),Age <50,Age 50-64,87,175,True,"Both evaluable (N>=30, 2 classes)",23.25,8.91,0.0803,0.151,0.0,0.0
PAIRWISE_E18_ZURI_TO_CLEV_RandomForest,Zurich,Cleveland,RandomForest,Age (50-64 vs >=65),Age 50-64,Age >=65,175,41,True,"Both evaluable (N>=30, 2 classes)",4.36,2.97,0.028,0.0228,0.0,0.0
PAIRWISE_E18_ZURI_TO_CLEV_RandomForest,Zurich,Cleveland,RandomForest,Age (<50 vs >=65),Age <50,Age >=65,87,41,True,"Both evaluable (N>=30, 2 classes)",18.89,5.94,0.0523,0.1282,0.0,0.0
PAIRWISE_E19_ZURI_TO_CLEV_SVM,Zurich,Cleveland,SVM,Sex (Male vs Female),Male (sex=1),Female (sex=0),206,97,True,"Both evaluable (N>=30, 2 classes)",29.57,4.49,0.2781,0.3134,0.0,0.0
PAIRWISE_E19_ZURI_TO_CLEV_SVM,Zurich,Cleveland,SVM,Age (<50 vs 50-64),Age <50,Age 50-64,87,175,True,"Both evaluable (N>=30, 2 classes)",23.25,16.55,0.1611,0.2129,0.0,0.0
PAIRWISE_E19_ZURI_TO_CLEV_SVM,Zurich,Cleveland,SVM,Age (50-64 vs >=65),Age 50-64,Age >=65,175,41,True,"Both evaluable (N>=30, 2 classes)",4.36,11.04,0.0496,0.0677,0.0,0.0
PAIRWISE_E19_ZURI_TO_CLEV_SVM,Zurich,Cleveland,SVM,Age (<50 vs >=65),Age <50,Age >=65,87,41,True,"Both evaluable (N>=30, 2 classes)",18.89,27.59,0.1115,0.1452,0.0,0.0
PAIRWISE_E1_CLEV_TO_HUNG_LogisticRegression,Cleveland,Hungarian,LogisticRegression,Sex (Male vs Female),Male (sex=1),Female (sex=0),213,80,True,"Both evaluable (N>=30, 2 classes)",29.13,2.55,0.0496,0.0254,40.24,17.02
PAIRWISE_E1_CLEV_TO_HUNG_LogisticRegression,Cleveland,Hungarian,LogisticRegression,Age (<50 vs 50-64),Age <50,Age 50-64,160,129,True,"Both evaluable (N>=30, 2 classes)",6.26,2.38,0.0204,0.0684,18.69,21.12
PAIRWISE_E1_CLEV_TO_HUNG_LogisticRegression,Cleveland,Hungarian,LogisticRegression,Age (50-64 vs >=65),Age 50-64,Age >=65,129,4,False,Suppressed: Valid | Small cell (N=4 < 30),61.24,,0.147,0.0902,14.0,
PAIRWISE_E1_CLEV_TO_HUNG_LogisticRegression,Cleveland,Hungarian,LogisticRegression,Age (<50 vs >=65),Age <50,Age >=65,160,4,False,Suppressed: Valid | Small cell (N=4 < 30),67.5,,0.1266,0.0218,32.69,
PAIRWISE_E20_ZURI_TO_CLEV_XGBoost,Zurich,Cleveland,XGBoost,Sex (Male vs Female),Male (sex=1),Female (sex=0),206,97,True,"Both evaluable (N>=30, 2 classes)",29.57,0.26,0.1846,0.2677,0.88,0.72
PAIRWISE_E20_ZURI_TO_CLEV_XGBoost,Zurich,Cleveland,XGBoost,Age (<50 vs 50-64),Age <50,Age 50-64,87,175,True,"Both evaluable (N>=30, 2 classes)",23.25,3.38,0.0437,0.113,3.85,7.01
PAIRWISE_E20_ZURI_TO_CLEV_XGBoost,Zurich,Cleveland,XGBoost,Age (50-64 vs >=65),Age 50-64,Age >=65,175,41,True,"Both evaluable (N>=30, 2 classes)",4.36,8.34,0.1029,0.0893,0.0,6.1
PAIRWISE_E20_ZURI_TO_CLEV_XGBoost,Zurich,Cleveland,XGBoost,Age (<50 vs >=65),Age <50,Age >=65,87,41,True,"Both evaluable (N>=30, 2 classes)",18.89,11.72,0.0592,0.0237,3.85,13.11
PAIRWISE_E21_VA L_TO_CLEV_LogisticRegression,VA Long Beach,Cleveland,LogisticRegression,Sex (Male vs Female),Male (sex=1),Female (sex=0),206,97,True,"Both evaluable (N>=30, 2 classes)",29.57,7.92,0.0737,0.0573,5.68,24.09
PAIRWISE_E21_VA L_TO_CLEV_LogisticRegression,VA Long Beach,Cleveland,LogisticRegression,Age (<50 vs 50-64),Age <50,Age 50-64,87,175,True,"Both evaluable (N>=30, 2 classes)",23.25,5.58,0.0385,0.0079,22.49,14.97
PAIRWISE_E21_VA L_TO_CLEV_LogisticRegression,VA Long Beach,Cleveland,LogisticRegression,Age (50-64 vs >=65),Age 50-64,Age >=65,175,41,True,"Both evaluable (N>=30, 2 classes)",4.36,10.44,0.0431,0.0552,3.66,0.64
PAIRWISE_E21_VA L_TO_CLEV_LogisticRegression,VA Long Beach,Cleveland,LogisticRegression,Age (<50 vs >=65),Age <50,Age >=65,87,41,True,"Both evaluable (N>=30, 2 classes)",18.89,4.86,0.0046,0.0473,26.15,15.61
PAIRWISE_E22_VA L_TO_CLEV_RandomForest,VA Long Beach,Cleveland,RandomForest,Sex (Male vs Female),Male (sex=1),Female (sex=0),206,97,True,"Both evaluable (N>=30, 2 classes)",29.57,6.52,0.0383,0.2272,8.67,4.47
PAIRWISE_E22_VA L_TO_CLEV_RandomForest,VA Long Beach,Cleveland,RandomForest,Age (<50 vs 50-64),Age <50,Age 50-64,87,175,True,"Both evaluable (N>=30, 2 classes)",23.25,0.43,0.0159,0.0344,23.87,44.12
PAIRWISE_E22_VA L_TO_CLEV_RandomForest,VA Long Beach,Cleveland,RandomForest,Age (50-64 vs >=65),Age 50-64,Age >=65,175,41,True,"Both evaluable (N>=30, 2 classes)",4.36,7.9,0.045,0.0654,0.75,18.64
PAIRWISE_E22_VA L_TO_CLEV_RandomForest,VA Long Beach,Cleveland,RandomForest,Age (<50 vs >=65),Age <50,Age >=65,87,41,True,"Both evaluable (N>=30, 2 classes)",18.89,7.47,0.0609,0.031,24.62,62.76
PAIRWISE_E23_VA L_TO_CLEV_SVM,VA Long Beach,Cleveland,SVM,Sex (Male vs Female),Male (sex=1),Female (sex=0),206,97,True,"Both evaluable (N>=30, 2 classes)",29.57,4.8,0.1457,0.3194,7.89,14.13
PAIRWISE_E23_VA L_TO_CLEV_SVM,VA Long Beach,Cleveland,SVM,Age (<50 vs 50-64),Age <50,Age 50-64,87,175,True,"Both evaluable (N>=30, 2 classes)",23.25,25.44,0.0888,0.1706,14.93,0.34
PAIRWISE_E23_VA L_TO_CLEV_SVM,VA Long Beach,Cleveland,SVM,Age (50-64 vs >=65),Age 50-64,Age >=65,175,41,True,"Both evaluable (N>=30, 2 classes)",4.36,7.67,0.0254,0.1091,4.3,3.78
PAIRWISE_E23_VA L_TO_CLEV_SVM,VA Long Beach,Cleveland,SVM,Age (<50 vs >=65),Age <50,Age >=65,87,41,True,"Both evaluable (N>=30, 2 classes)",18.89,17.77,0.0634,0.0615,19.23,3.44
PAIRWISE_E24_VA L_TO_CLEV_XGBoost,VA Long Beach,Cleveland,XGBoost,Sex (Male vs Female),Male (sex=1),Female (sex=0),206,97,True,"Both evaluable (N>=30, 2 classes)",29.57,6.68,0.0112,0.1758,9.05,3.5
PAIRWISE_E24_VA L_TO_CLEV_XGBoost,VA Long Beach,Cleveland,XGBoost,Age (<50 vs 50-64),Age <50,Age 50-64,87,175,True,"Both evaluable (N>=30, 2 classes)",23.25,1.79,0.0328,0.0128,28.33,29.15
PAIRWISE_E24_VA L_TO_CLEV_XGBoost,VA Long Beach,Cleveland,XGBoost,Age (50-64 vs >=65),Age 50-64,Age >=65,175,41,True,"Both evaluable (N>=30, 2 classes)",4.36,3.07,0.0288,0.0486,1.02,8.48
PAIRWISE_E24_VA L_TO_CLEV_XGBoost,VA Long Beach,Cleveland,XGBoost,Age (<50 vs >=65),Age <50,Age >=65,87,41,True,"Both evaluable (N>=30, 2 classes)",18.89,4.86,0.0616,0.0614,27.31,37.63
PAIRWISE_E2_CLEV_TO_HUNG_RandomForest,Cleveland,Hungarian,RandomForest,Sex (Male vs Female),Male (sex=1),Female (sex=0),213,80,True,"Both evaluable (N>=30, 2 classes)",29.13,9.8,0.0132,0.0301,29.79,11.35
PAIRWISE_E2_CLEV_TO_HUNG_RandomForest,Cleveland,Hungarian,RandomForest,Age (<50 vs 50-64),Age <50,Age 50-64,160,129,True,"Both evaluable (N>=30, 2 classes)",6.26,0.57,0.0292,0.0081,12.77,11.67
PAIRWISE_E2_CLEV_TO_HUNG_RandomForest,Cleveland,Hungarian,RandomForest,Age (50-64 vs >=65),Age 50-64,Age >=65,129,4,False,Suppressed: Valid | Small cell (N=4 < 30),61.24,,0.1499,0.0398,18.0,
PAIRWISE_E2_CLEV_TO_HUNG_RandomForest,Cleveland,Hungarian,RandomForest,Age (<50 vs >=65),Age <50,Age >=65,160,4,False,Suppressed: Valid | Small cell (N=4 < 30),67.5,,0.1207,0.0479,30.77,
PAIRWISE_E3_CLEV_TO_HUNG_SVM,Cleveland,Hungarian,SVM,Sex (Male vs Female),Male (sex=1),Female (sex=0),213,80,True,"Both evaluable (N>=30, 2 classes)",29.13,3.78,0.0344,0.0406,20.39,18.07
PAIRWISE_E3_CLEV_TO_HUNG_SVM,Cleveland,Hungarian,SVM,Age (<50 vs 50-64),Age <50,Age 50-64,160,129,True,"Both evaluable (N>=30, 2 classes)",6.26,0.15,0.0306,0.0311,12.77,17.42
PAIRWISE_E3_CLEV_TO_HUNG_SVM,Cleveland,Hungarian,SVM,Age (50-64 vs >=65),Age 50-64,Age >=65,129,4,False,Suppressed: Valid | Small cell (N=4 < 30),61.24,,0.1454,0.006,18.0,
PAIRWISE_E3_CLEV_TO_HUNG_SVM,Cleveland,Hungarian,SVM,Age (<50 vs >=65),Age <50,Age >=65,160,4,False,Suppressed: Valid | Small cell (N=4 < 30),67.5,,0.1148,0.0251,30.77,
PAIRWISE_E4_CLEV_TO_HUNG_XGBoost,Cleveland,Hungarian,XGBoost,Sex (Male vs Female),Male (sex=1),Female (sex=0),213,80,True,"Both evaluable (N>=30, 2 classes)",29.13,7.15,0.026,0.0223,29.79,15.34
PAIRWISE_E4_CLEV_TO_HUNG_XGBoost,Cleveland,Hungarian,XGBoost,Age (<50 vs 50-64),Age <50,Age 50-64,160,129,True,"Both evaluable (N>=30, 2 classes)",6.26,2.25,0.0448,0.0597,8.85,16.39
PAIRWISE_E4_CLEV_TO_HUNG_XGBoost,Cleveland,Hungarian,XGBoost,Age (50-64 vs >=65),Age 50-64,Age >=65,129,4,False,Suppressed: Valid | Small cell (N=4 < 30),61.24,,0.1635,0.0649,20.0,
PAIRWISE_E4_CLEV_TO_HUNG_XGBoost,Cleveland,Hungarian,XGBoost,Age (<50 vs >=65),Age <50,Age >=65,160,4,False,Suppressed: Valid | Small cell (N=4 < 30),67.5,,0.1187,0.0052,28.85,
PAIRWISE_E5_CLEV_TO_ZURI_LogisticRegression,Cleveland,Zurich,LogisticRegression,Sex (Male vs Female),Male (sex=1),Female (sex=0),113,10,False,Suppressed: Small cell (N=10 < 30) | Valid,7.08,,0.3094,0.3991,52.86,
PAIRWISE_E5_CLEV_TO_ZURI_LogisticRegression,Cleveland,Zurich,LogisticRegression,Age (<50 vs 50-64),Age <50,Age 50-64,25,82,False,Suppressed: Small cell (N=25 < 30) | Valid,3.12,,0.117,0.1684,21.18,
PAIRWISE_E5_CLEV_TO_ZURI_LogisticRegression,Cleveland,Zurich,LogisticRegression,Age (50-64 vs >=65),Age 50-64,Age >=65,82,16,False,Suppressed: Valid | Small cell (N=16 < 30),7.62,,0.0394,0.006,3.66,
PAIRWISE_E5_CLEV_TO_ZURI_LogisticRegression,Cleveland,Zurich,LogisticRegression,Age (<50 vs >=65),Age <50,Age >=65,25,16,False,Suppressed: Small cell (N=25 < 30) | Small cell (N=16 < 30),4.5,,0.0776,0.1744,24.84,
PAIRWISE_E6_CLEV_TO_ZURI_RandomForest,Cleveland,Zurich,RandomForest,Sex (Male vs Female),Male (sex=1),Female (sex=0),113,10,False,Suppressed: Small cell (N=10 < 30) | Valid,7.08,,0.1734,0.2168,37.14,
PAIRWISE_E6_CLEV_TO_ZURI_RandomForest,Cleveland,Zurich,RandomForest,Age (<50 vs 50-64),Age <50,Age 50-64,25,82,False,Suppressed: Small cell (N=25 < 30) | Valid,3.12,,0.041,0.0697,21.69,
PAIRWISE_E6_CLEV_TO_ZURI_RandomForest,Cleveland,Zurich,RandomForest,Age (50-64 vs >=65),Age 50-64,Age >=65,82,16,False,Suppressed: Valid | Small cell (N=16 < 30),7.62,,0.0534,0.0288,0.36,
PAIRWISE_E6_CLEV_TO_ZURI_RandomForest,Cleveland,Zurich,RandomForest,Age (<50 vs >=65),Age <50,Age >=65,25,16,False,Suppressed: Small cell (N=25 < 30) | Small cell (N=16 < 30),4.5,,0.0124,0.0985,22.05,
PAIRWISE_E7_CLEV_TO_ZURI_SVM,Cleveland,Zurich,SVM,Sex (Male vs Female),Male (sex=1),Female (sex=0),113,10,False,Suppressed: Small cell (N=10 < 30) | Valid,7.08,,0.2519,0.3188,29.05,
PAIRWISE_E7_CLEV_TO_ZURI_SVM,Cleveland,Zurich,SVM,Age (<50 vs 50-64),Age <50,Age 50-64,25,82,False,Suppressed: Small cell (N=25 < 30) | Valid,3.12,,0.0491,0.0647,22.46,
PAIRWISE_E7_CLEV_TO_ZURI_SVM,Cleveland,Zurich,SVM,Age (50-64 vs >=65),Age 50-64,Age >=65,82,16,False,Suppressed: Valid | Small cell (N=16 < 30),7.62,,0.0459,0.0063,19.04,
PAIRWISE_E7_CLEV_TO_ZURI_SVM,Cleveland,Zurich,SVM,Age (<50 vs >=65),Age <50,Age >=65,25,16,False,Suppressed: Small cell (N=25 < 30) | Small cell (N=16 < 30),4.5,,0.0032,0.071,3.42,
PAIRWISE_E8_CLEV_TO_ZURI_XGBoost,Cleveland,Zurich,XGBoost,Sex (Male vs Female),Male (sex=1),Female (sex=0),113,10,False,Suppressed: Small cell (N=10 < 30) | Valid,7.08,,0.2354,0.2999,40.95,
PAIRWISE_E8_CLEV_TO_ZURI_XGBoost,Cleveland,Zurich,XGBoost,Age (<50 vs 50-64),Age <50,Age 50-64,25,82,False,Suppressed: Small cell (N=25 < 30) | Valid,3.12,,0.0643,0.1057,18.11,
PAIRWISE_E8_CLEV_TO_ZURI_XGBoost,Cleveland,Zurich,XGBoost,Age (50-64 vs >=65),Age 50-64,Age >=65,82,16,False,Suppressed: Valid | Small cell (N=16 < 30),7.62,,0.096,0.1178,19.04,
PAIRWISE_E8_CLEV_TO_ZURI_XGBoost,Cleveland,Zurich,XGBoost,Age (<50 vs >=65),Age <50,Age >=65,25,16,False,Suppressed: Small cell (N=25 < 30) | Small cell (N=16 < 30),4.5,,0.0317,0.0121,0.93,
PAIRWISE_E9_CLEV_TO_VA L_LogisticRegression,Cleveland,VA Long Beach,LogisticRegression,Sex (Male vs Female),Male (sex=1),Female (sex=0),193,6,False,Suppressed: Small cell (N=6 < 30) | Valid,25.13,,0.0265,0.208,25.74,
PAIRWISE_E9_CLEV_TO_VA L_LogisticRegression,Cleveland,VA Long Beach,LogisticRegression,Age (<50 vs 50-64),Age <50,Age 50-64,19,138,False,Suppressed: Small cell (N=19 < 30) | Valid,22.73,,0.1013,0.2274,23.27,
PAIRWISE_E9_CLEV_TO_VA L_LogisticRegression,Cleveland,VA Long Beach,LogisticRegression,Age (50-64 vs >=65),Age 50-64,Age >=65,138,42,True,"Both evaluable (N>=30, 2 classes)",5.59,1.28,0.0258,0.0678,0.85,0.74
PAIRWISE_E9_CLEV_TO_VA L_LogisticRegression,Cleveland,VA Long Beach,LogisticRegression,Age (<50 vs >=65),Age <50,Age >=65,19,42,False,Suppressed: Small cell (N=19 < 30) | Valid,28.32,,0.1271,0.1596,24.12,
