experiment_id,train_dataset,test_dataset,model,subgroup_variable,subgroup_value,n_total,n_pos,n_neg,prevalence_pct,is_evaluable,status_note,roc_auc,roc_auc_ci_lower,roc_auc_ci_upper,pr_auc,accuracy,sensitivity,specificity,precision,f1,f1_ci_lower,f1_ci_upper,mcc,brier_score,brier_ci_lower,brier_ci_upper,ece,ece_ci_lower,ece_ci_upper,calibration_slope,calibration_intercept
PAIRWISE_E10_CLEV_TO_VA L_RandomForest,Cleveland,VA Long Beach,RandomForest,sex,0,6,3,3,50.0,False,Small cell (N=6 < 30),,NA,NA,,0.8333,66.67,100.0,100.0,80.0,NA,NA,,0.1596,NA,NA,0.3297,NA,NA,,
PAIRWISE_E10_CLEV_TO_VA L_RandomForest,Cleveland,VA Long Beach,RandomForest,sex,1,193,145,48,75.13,True,Valid,74.35,66.46,81.62,88.95,0.7772,90.34,39.58,81.88,85.9,82.51,89.03,0.3436,0.1645,0.1423,0.189,0.0949,0.0713,0.1578,0.7343,0.4976
PAIRWISE_E10_CLEV_TO_VA L_RandomForest,Cleveland,VA Long Beach,RandomForest,age_group,<50,19,10,9,52.63,False,Small cell (N=19 < 30),,NA,NA,,0.6842,70.0,66.67,70.0,70.0,NA,NA,,0.2285,NA,NA,0.2182,NA,NA,,
PAIRWISE_E10_CLEV_TO_VA L_RandomForest,Cleveland,VA Long Beach,RandomForest,age_group,50-64,138,104,34,75.36,True,Valid,74.93,65.72,83.87,89.7,0.7826,92.31,35.29,81.36,86.49,82.86,89.6,0.3379,0.1601,0.1333,0.1882,0.0853,0.0608,0.1551,0.7439,0.3685
PAIRWISE_E10_CLEV_TO_VA L_RandomForest,Cleveland,VA Long Beach,RandomForest,age_group,>=65,42,34,8,80.95,True,Valid,78.31,60.29,94.12,93.44,0.8095,88.24,50.0,88.24,88.24,80.6,94.44,0.3824,0.1493,0.107,0.1946,0.1516,0.1268,0.2636,1.1533,0.8339
PAIRWISE_E11_CLEV_TO_VA L_SVM,Cleveland,VA Long Beach,SVM,sex,0,6,3,3,50.0,False,Small cell (N=6 < 30),,NA,NA,,0.8333,66.67,100.0,100.0,80.0,NA,NA,,0.155,NA,NA,0.3195,NA,NA,,
PAIRWISE_E11_CLEV_TO_VA L_SVM,Cleveland,VA Long Beach,SVM,sex,1,193,145,48,75.13,True,Valid,71.9,63.36,79.34,86.51,0.7668,90.34,35.42,80.86,85.34,82.12,88.31,0.3033,0.1713,0.1463,0.197,0.0866,0.0611,0.1465,0.6409,0.4628
PAIRWISE_E11_CLEV_TO_VA L_SVM,Cleveland,VA Long Beach,SVM,age_group,<50,19,10,9,52.63,False,Small cell (N=19 < 30),,NA,NA,,0.6316,80.0,44.44,61.54,69.57,NA,NA,,0.2635,NA,NA,0.2118,NA,NA,,
PAIRWISE_E11_CLEV_TO_VA L_SVM,Cleveland,VA Long Beach,SVM,age_group,50-64,138,104,34,75.36,True,Valid,72.72,62.27,82.23,86.56,0.7754,91.35,35.29,81.2,85.97,82.57,89.47,0.3196,0.1656,0.1366,0.1962,0.0736,0.0575,0.1558,0.6672,0.3596
PAIRWISE_E11_CLEV_TO_VA L_SVM,Cleveland,VA Long Beach,SVM,age_group,>=65,42,34,8,80.95,True,Valid,76.84,60.29,91.54,93.98,0.8095,88.24,50.0,88.24,88.24,80.58,94.29,0.3824,0.1458,0.1009,0.1928,0.1169,0.0888,0.2396,0.954,0.6981
PAIRWISE_E12_CLEV_TO_VA L_XGBoost,Cleveland,VA Long Beach,XGBoost,sex,0,6,3,3,50.0,False,Small cell (N=6 < 30),,NA,NA,,0.6667,66.67,66.67,66.67,66.67,NA,NA,,0.1835,NA,NA,0.3535,NA,NA,,
PAIRWISE_E12_CLEV_TO_VA L_XGBoost,Cleveland,VA Long Beach,XGBoost,sex,1,193,145,48,75.13,True,Valid,74.76,66.53,82.47,88.4,0.7824,92.41,35.42,81.21,86.45,83.39,89.17,0.3416,0.1586,0.1336,0.1838,0.0639,0.05,0.1359,0.6803,0.3347
PAIRWISE_E12_CLEV_TO_VA L_XGBoost,Cleveland,VA Long Beach,XGBoost,age_group,<50,19,10,9,52.63,False,Small cell (N=19 < 30),,NA,NA,,0.5789,60.0,55.56,60.0,60.0,NA,NA,,0.2233,NA,NA,0.2492,NA,NA,,
PAIRWISE_E12_CLEV_TO_VA L_XGBoost,Cleveland,VA Long Beach,XGBoost,age_group,50-64,138,104,34,75.36,True,Valid,74.43,65.04,83.7,88.77,0.7826,95.19,26.47,79.84,86.84,83.84,89.57,0.3092,0.1608,0.1323,0.1904,0.0619,0.0512,0.1426,0.6685,0.2199
PAIRWISE_E12_CLEV_TO_VA L_XGBoost,Cleveland,VA Long Beach,XGBoost,age_group,>=65,42,34,8,80.95,True,Valid,81.62,59.93,97.06,93.03,0.8571,91.18,62.5,91.18,91.18,83.87,97.06,0.5368,0.1258,0.0813,0.1758,0.1455,0.1194,0.2564,1.0958,0.5834
PAIRWISE_E13_HUNG_TO_CLEV_LogisticRegression,Hungarian,Cleveland,LogisticRegression,sex,0,97,25,72,25.77,True,Valid,85.39,73.11,95.72,82.37,0.8557,60.0,94.44,78.95,68.18,51.28,82.63,0.6,0.0953,0.0585,0.1328,0.0842,0.0613,0.1479,0.9005,0.1327
PAIRWISE_E13_HUNG_TO_CLEV_LogisticRegression,Hungarian,Cleveland,LogisticRegression,sex,1,206,114,92,55.34,True,Valid,79.25,72.86,84.88,83.3,0.7379,68.42,80.43,81.25,74.29,67.66,80.18,0.4869,0.201,0.1629,0.2406,0.1344,0.0967,0.1976,0.5263,0.3545
PAIRWISE_E13_HUNG_TO_CLEV_LogisticRegression,Hungarian,Cleveland,LogisticRegression,age_group,<50,87,26,61,29.89,True,Valid,85.81,76.73,92.88,67.82,0.8161,57.69,91.8,75.0,65.22,47.62,80.0,0.5385,0.1502,0.1004,0.2053,0.1124,0.0765,0.1963,0.6476,-0.0702
PAIRWISE_E13_HUNG_TO_CLEV_LogisticRegression,Hungarian,Cleveland,LogisticRegression,age_group,50-64,175,93,82,53.14,True,Valid,81.09,74.56,87.33,85.6,0.76,69.89,82.93,82.28,75.58,68.67,82.29,0.5297,0.1831,0.1425,0.2231,0.1027,0.0856,0.1816,0.5464,0.3308
PAIRWISE_E13_HUNG_TO_CLEV_LogisticRegression,Hungarian,Cleveland,LogisticRegression,age_group,>=65,41,20,21,48.78,True,Valid,90.48,80.71,97.62,91.15,0.7561,65.0,85.71,81.25,72.22,54.53,87.18,0.5197,0.1351,0.0784,0.1937,0.1511,0.0994,0.2531,1.2438,0.7236
PAIRWISE_E14_HUNG_TO_CLEV_RandomForest,Hungarian,Cleveland,RandomForest,sex,0,97,25,72,25.77,True,Valid,88.61,79.39,96.44,81.31,0.8969,68.0,97.22,89.47,77.27,63.16,89.36,0.7188,0.1135,0.0882,0.1406,0.1365,0.1005,0.196,1.9288,0.2711
PAIRWISE_E14_HUNG_TO_CLEV_RandomForest,Hungarian,Cleveland,RandomForest,sex,1,206,114,92,55.34,True,Valid,84.67,79.14,89.64,88.23,0.7573,64.04,90.22,89.02,74.49,67.36,81.16,0.551,0.1734,0.1481,0.201,0.1121,0.0958,0.1575,1.2348,0.7481
PAIRWISE_E14_HUNG_TO_CLEV_RandomForest,Hungarian,Cleveland,RandomForest,age_group,<50,87,26,61,29.89,True,Valid,88.27,80.14,94.51,78.84,0.8391,50.0,98.36,92.86,65.0,45.68,81.82,0.6024,0.1293,0.099,0.1605,0.1244,0.0929,0.2011,1.4506,0.4219
PAIRWISE_E14_HUNG_TO_CLEV_RandomForest,Hungarian,Cleveland,RandomForest,age_group,50-64,175,93,82,53.14,True,Valid,84.49,78.46,90.29,87.72,0.7771,67.74,89.02,87.5,76.36,69.51,83.24,0.5756,0.1713,0.1431,0.2004,0.1278,0.1042,0.1849,1.2239,0.6372
PAIRWISE_E14_HUNG_TO_CLEV_RandomForest,Hungarian,Cleveland,RandomForest,age_group,>=65,41,20,21,48.78,True,Valid,94.05,85.95,99.29,94.03,0.8293,70.0,95.24,93.33,80.0,62.5,92.31,0.677,0.1345,0.0998,0.1727,0.1844,0.1416,0.2835,3.153,1.1017
PAIRWISE_E15_HUNG_TO_CLEV_SVM,Hungarian,Cleveland,SVM,sex,0,97,25,72,25.77,True,Valid,90.22,82.94,96.44,82.98,0.8866,56.0,100.0,100.0,71.79,52.94,86.36,0.697,0.1214,0.1012,0.1406,0.1543,0.1198,0.2203,2.5717,0.8394
PAIRWISE_E15_HUNG_TO_CLEV_SVM,Hungarian,Cleveland,SVM,sex,1,206,114,92,55.34,True,Valid,77.66,70.71,83.71,82.05,0.7282,63.16,84.78,83.72,72.0,64.86,78.82,0.4833,0.2021,0.1759,0.2315,0.1253,0.1019,0.1833,1.0009,0.5594
PAIRWISE_E15_HUNG_TO_CLEV_SVM,Hungarian,Cleveland,SVM,age_group,<50,87,26,61,29.89,True,Valid,80.2,67.78,90.54,74.47,0.8391,53.85,96.72,87.5,66.67,47.04,81.82,0.5975,0.1411,0.1077,0.1734,0.0945,0.0582,0.1739,1.4281,0.2983
PAIRWISE_E15_HUNG_TO_CLEV_SVM,Hungarian,Cleveland,SVM,age_group,50-64,175,93,82,53.14,True,Valid,79.82,73.48,86.49,80.95,0.7371,62.37,86.59,84.06,71.6,63.35,79.04,0.4998,0.1959,0.1672,0.2233,0.1419,0.1096,0.1995,1.09,0.5698
PAIRWISE_E15_HUNG_TO_CLEV_SVM,Hungarian,Cleveland,SVM,age_group,>=65,41,20,21,48.78,True,Valid,89.05,76.9,97.62,91.03,0.8293,70.0,95.24,93.33,80.0,64.52,92.31,0.677,0.1671,0.1298,0.2056,0.1666,0.1344,0.2859,2.6154,0.7578
PAIRWISE_E16_HUNG_TO_CLEV_XGBoost,Hungarian,Cleveland,XGBoost,sex,0,97,25,72,25.77,True,Valid,84.5,74.17,93.67,75.93,0.8454,56.0,94.44,77.78,65.12,46.15,80.85,0.5675,0.1204,0.0902,0.1512,0.0802,0.0648,0.1558,1.3817,0.305
PAIRWISE_E16_HUNG_TO_CLEV_XGBoost,Hungarian,Cleveland,XGBoost,sex,1,206,114,92,55.34,True,Valid,82.34,76.54,87.5,86.21,0.7379,69.3,79.35,80.61,74.53,67.96,80.36,0.4842,0.1749,0.1466,0.2063,0.0849,0.0668,0.149,0.8417,0.3626
PAIRWISE_E16_HUNG_TO_CLEV_XGBoost,Hungarian,Cleveland,XGBoost,age_group,<50,87,26,61,29.89,True,Valid,87.93,79.82,94.33,76.5,0.7931,50.0,91.8,72.22,59.09,40.0,75.56,0.4724,0.1292,0.0946,0.1663,0.1059,0.0809,0.1879,1.159,0.1404
PAIRWISE_E16_HUNG_TO_CLEV_XGBoost,Hungarian,Cleveland,XGBoost,age_group,50-64,175,93,82,53.14,True,Valid,80.37,73.74,86.93,83.74,0.7543,69.89,81.71,81.25,75.14,67.9,81.82,0.5169,0.1818,0.1477,0.2163,0.0825,0.0725,0.1535,0.7966,0.3594
PAIRWISE_E16_HUNG_TO_CLEV_XGBoost,Hungarian,Cleveland,XGBoost,age_group,>=65,41,20,21,48.78,True,Valid,92.62,83.81,98.57,93.44,0.8049,75.0,85.71,83.33,78.95,63.16,91.9,0.6115,0.1136,0.0757,0.1577,0.1418,0.1124,0.247,2.072,0.2772
PAIRWISE_E17_ZURI_TO_CLEV_LogisticRegression,Zurich,Cleveland,LogisticRegression,sex,0,97,25,72,25.77,True,Valid,82.83,73.5,91.94,68.58,0.2577,100.0,0.0,25.77,40.98,40.98,40.98,0.0,0.6582,0.644,0.6714,0.6924,0.6837,0.7,1.6898,-7.1433
PAIRWISE_E17_ZURI_TO_CLEV_LogisticRegression,Zurich,Cleveland,LogisticRegression,sex,1,206,114,92,55.34,True,Valid,78.66,71.99,84.44,83.24,0.568,96.49,7.61,56.41,71.2,69.08,73.08,0.0907,0.2806,0.262,0.303,0.2695,0.2529,0.2947,1.0501,-1.7279
PAIRWISE_E17_ZURI_TO_CLEV_LogisticRegression,Zurich,Cleveland,LogisticRegression,age_group,<50,87,26,61,29.89,True,Valid,65.07,51.7,78.12,44.58,0.3103,96.15,3.28,29.76,45.45,42.2,47.71,-0.0142,0.4742,0.4321,0.5135,0.5201,0.4915,0.5575,0.452,-1.7652
PAIRWISE_E17_ZURI_TO_CLEV_LogisticRegression,Zurich,Cleveland,LogisticRegression,age_group,50-64,175,93,82,53.14,True,Valid,64.45,55.52,73.04,67.01,0.5429,96.77,6.1,53.89,69.23,66.93,71.26,0.0686,0.3578,0.3314,0.3814,0.3438,0.3244,0.3751,0.4135,-0.9074
PAIRWISE_E17_ZURI_TO_CLEV_LogisticRegression,Zurich,Cleveland,LogisticRegression,age_group,>=65,41,20,21,48.78,True,Valid,48.33,30.0,66.43,50.99,0.4878,100.0,0.0,48.78,65.57,65.57,65.57,0.0,0.4339,0.4064,0.4627,0.438,0.4144,0.4819,-0.0284,0.0267
PAIRWISE_E18_ZURI_TO_CLEV_RandomForest,Zurich,Cleveland,RandomForest,sex,0,97,25,72,25.77,True,Valid,82.19,72.41,90.73,57.8,0.2577,100.0,0.0,25.77,40.98,40.98,40.98,0.0,0.4778,0.4478,0.5078,0.5683,0.5489,0.5881,0.8406,-2.9104
PAIRWISE_E18_ZURI_TO_CLEV_RandomForest,Zurich,Cleveland,RandomForest,sex,1,206,114,92,55.34,True,Valid,82.16,75.65,87.94,79.98,0.5534,100.0,0.0,55.34,71.25,71.25,71.25,0.0,0.2778,0.2605,0.2968,0.2936,0.2797,0.3083,0.9572,-1.7602
PAIRWISE_E18_ZURI_TO_CLEV_RandomForest,Zurich,Cleveland,RandomForest,age_group,<50,87,26,61,29.89,True,Valid,86.89,78.69,93.51,74.56,0.2989,100.0,0.0,29.89,46.02,46.02,46.02,0.0,0.3953,0.3644,0.4288,0.4889,0.4654,0.5115,1.321,-3.3553
PAIRWISE_E18_ZURI_TO_CLEV_RandomForest,Zurich,Cleveland,RandomForest,age_group,50-64,175,93,82,53.14,True,Valid,77.98,70.56,84.91,73.54,0.5314,100.0,0.0,53.14,69.4,69.4,69.4,0.0,0.315,0.2972,0.3349,0.3379,0.3243,0.3528,0.6557,-1.4033
PAIRWISE_E18_ZURI_TO_CLEV_RandomForest,Zurich,Cleveland,RandomForest,age_group,>=65,41,20,21,48.78,True,Valid,80.95,65.95,92.62,81.7,0.4878,100.0,0.0,48.78,65.57,65.57,65.57,0.0,0.343,0.3163,0.3715,0.3607,0.3411,0.3828,1.8146,-3.483
PAIRWISE_E19_ZURI_TO_CLEV_SVM,Zurich,Cleveland,SVM,sex,0,97,25,72,25.77,True,Valid,70.28,59.44,80.56,43.12,0.2577,100.0,0.0,25.77,40.98,40.98,40.98,0.0,0.6343,0.6316,0.6369,0.6672,0.6656,0.6687,8.151,-21.7449
PAIRWISE_E19_ZURI_TO_CLEV_SVM,Zurich,Cleveland,SVM,sex,1,206,114,92,55.34,True,Valid,74.77,67.29,81.04,74.91,0.5534,100.0,0.0,55.34,71.25,71.25,71.25,0.0,0.3562,0.3482,0.3648,0.3538,0.3484,0.3592,2.4362,-5.5659
PAIRWISE_E19_ZURI_TO_CLEV_SVM,Zurich,Cleveland,SVM,age_group,<50,87,26,61,29.89,True,Valid,83.54,73.39,91.87,73.47,0.2989,100.0,0.0,29.89,46.02,46.02,46.02,0.0,0.5534,0.5357,0.5689,0.5994,0.5882,0.609,4.2269,-11.1626
PAIRWISE_E19_ZURI_TO_CLEV_SVM,Zurich,Cleveland,SVM,age_group,50-64,175,93,82,53.14,True,Valid,66.99,58.38,74.63,67.66,0.5314,100.0,0.0,53.14,69.4,69.4,69.4,0.0,0.3923,0.3858,0.3981,0.3865,0.3823,0.3904,1.8137,-4.3406
PAIRWISE_E19_ZURI_TO_CLEV_SVM,Zurich,Cleveland,SVM,age_group,>=65,41,20,21,48.78,True,Valid,55.95,37.61,74.05,66.28,0.4878,100.0,0.0,48.78,65.57,65.57,65.57,0.0,0.4419,0.4384,0.4452,0.4542,0.4396,0.4716,-0.8245,2.0117
PAIRWISE_E1_CLEV_TO_HUNG_LogisticRegression,Cleveland,Hungarian,LogisticRegression,sex,0,80,12,68,15.0,True,Valid,83.58,70.58,94.61,47.71,0.85,41.67,92.65,50.0,45.45,20.0,69.57,0.3705,0.0995,0.0664,0.134,0.0501,0.0489,0.1365,0.8293,-0.2455
PAIRWISE_E1_CLEV_TO_HUNG_LogisticRegression,Cleveland,Hungarian,LogisticRegression,sex,1,213,94,119,44.13,True,Valid,86.13,80.15,91.24,85.89,0.784,81.91,75.63,72.64,77.0,70.71,82.72,0.5715,0.1491,0.1199,0.1811,0.0755,0.0672,0.1381,0.9328,-0.4148
PAIRWISE_E1_CLEV_TO_HUNG_LogisticRegression,Cleveland,Hungarian,LogisticRegression,age_group,<50,160,52,108,32.5,True,Valid,85.65,77.88,92.25,81.6,0.8313,67.31,90.74,77.78,72.16,61.39,82.0,0.6047,0.1283,0.0946,0.1624,0.0616,0.0491,0.1308,0.9171,-0.0543
PAIRWISE_E1_CLEV_TO_HUNG_LogisticRegression,Cleveland,Hungarian,LogisticRegression,age_group,50-64,129,50,79,38.76,True,Valid,88.03,81.11,93.65,83.98,0.7597,86.0,69.62,64.18,73.5,66.1,80.01,0.5424,0.1487,0.1124,0.1875,0.13,0.1058,0.1982,0.9549,-0.7434
PAIRWISE_E1_CLEV_TO_HUNG_LogisticRegression,Cleveland,Hungarian,LogisticRegression,age_group,>=65,4,4,0,100.0,False,Small cell (N=4 < 30),,NA,NA,,1.0,100.0,,100.0,100.0,NA,NA,,0.0017,NA,NA,0.0398,NA,NA,,
PAIRWISE_E20_ZURI_TO_CLEV_XGBoost,Zurich,Cleveland,XGBoost,sex,0,97,25,72,25.77,True,Valid,82.83,74.94,90.17,56.6,0.3196,100.0,8.33,27.47,43.1,41.67,45.05,0.1513,0.4388,0.3946,0.4821,0.5403,0.5103,0.5698,1.0369,-3.399
PAIRWISE_E20_ZURI_TO_CLEV_XGBoost,Zurich,Cleveland,XGBoost,sex,1,206,114,92,55.34,True,Valid,82.57,76.12,87.71,81.23,0.5825,99.12,7.61,57.07,72.44,70.97,73.79,0.1732,0.2542,0.2312,0.2795,0.2726,0.2552,0.2912,0.984,-1.8197
PAIRWISE_E20_ZURI_TO_CLEV_XGBoost,Zurich,Cleveland,XGBoost,age_group,<50,87,26,61,29.89,True,Valid,83.86,72.57,92.56,71.46,0.3793,96.15,13.11,32.05,48.08,43.81,51.49,0.1393,0.3305,0.2909,0.3736,0.4281,0.3929,0.4625,0.9689,-2.4961
PAIRWISE_E20_ZURI_TO_CLEV_XGBoost,Zurich,Cleveland,XGBoost,age_group,50-64,175,93,82,53.14,True,Valid,80.48,73.29,86.83,76.24,0.56,100.0,6.1,54.71,70.72,69.66,71.81,0.1826,0.2868,0.2626,0.3123,0.3151,0.2962,0.3332,0.9523,-2.0257
PAIRWISE_E20_ZURI_TO_CLEV_XGBoost,Zurich,Cleveland,XGBoost,age_group,>=65,41,20,21,48.78,True,Valid,72.14,53.8,87.14,74.58,0.4878,100.0,0.0,48.78,65.57,65.57,65.57,0.0,0.3897,0.3604,0.4207,0.4044,0.3816,0.4314,0.8722,-2.2182
PAIRWISE_E21_VA L_TO_CLEV_LogisticRegression,VA Long Beach,Cleveland,LogisticRegression,sex,0,97,25,72,25.77,True,Valid,88.61,78.22,96.83,83.55,0.8866,68.0,95.83,85.0,75.56,61.52,87.51,0.6901,0.1054,0.0786,0.1327,0.1099,0.0921,0.1812,1.7682,0.2882
PAIRWISE_E21_VA L_TO_CLEV_LogisticRegression,VA Long Beach,Cleveland,LogisticRegression,sex,1,206,114,92,55.34,True,Valid,80.69,74.19,86.03,85.65,0.7282,73.68,71.74,76.36,75.0,69.06,80.17,0.4527,0.1791,0.1534,0.2073,0.0526,0.0498,0.1277,1.0221,0.1674
PAIRWISE_E21_VA L_TO_CLEV_LogisticRegression,VA Long Beach,Cleveland,LogisticRegression,age_group,<50,87,26,61,29.89,True,Valid,87.52,79.38,94.01,74.36,0.8046,53.85,91.8,73.68,62.22,44.99,78.45,0.5058,0.1339,0.103,0.1655,0.1029,0.0749,0.1778,1.5225,0.2736
PAIRWISE_E21_VA L_TO_CLEV_LogisticRegression,VA Long Beach,Cleveland,LogisticRegression,age_group,50-64,175,93,82,53.14,True,Valid,81.94,75.64,87.7,85.51,0.7657,76.34,76.83,78.89,77.6,71.26,83.16,0.5309,0.1724,0.143,0.203,0.095,0.0638,0.1611,1.0075,0.1701
PAIRWISE_E21_VA L_TO_CLEV_LogisticRegression,VA Long Beach,Cleveland,LogisticRegression,age_group,>=65,41,20,21,48.78,True,Valid,92.38,82.38,98.33,92.72,0.7805,80.0,76.19,76.19,78.05,63.16,90.0,0.5619,0.1293,0.0883,0.1747,0.1502,0.1367,0.2713,1.9626,-0.1891
PAIRWISE_E22_VA L_TO_CLEV_RandomForest,VA Long Beach,Cleveland,RandomForest,sex,0,97,25,72,25.77,True,Valid,85.67,76.05,94.11,68.97,0.567,92.0,44.44,36.51,52.27,45.16,59.52,0.3341,0.2312,0.2049,0.2565,0.3178,0.2876,0.3751,2.5526,-2.3004
PAIRWISE_E22_VA L_TO_CLEV_RandomForest,VA Long Beach,Cleveland,RandomForest,sex,1,206,114,92,55.34,True,Valid,79.15,72.48,84.85,84.34,0.6796,83.33,48.91,66.9,74.22,69.29,78.77,0.3464,0.1929,0.1743,0.2132,0.0906,0.0689,0.1484,1.5344,-0.4711
PAIRWISE_E22_VA L_TO_CLEV_RandomForest,VA Long Beach,Cleveland,RandomForest,age_group,<50,87,26,61,29.89,True,Valid,80.33,69.17,89.79,69.48,0.7356,65.38,77.05,54.84,59.65,45.16,72.73,0.4056,0.1877,0.165,0.2108,0.1907,0.1588,0.2435,2.1729,-0.6882
PAIRWISE_E22_VA L_TO_CLEV_RandomForest,VA Long Beach,Cleveland,RandomForest,age_group,50-64,175,93,82,53.14,True,Valid,80.76,73.97,86.94,85.62,0.6286,89.25,32.93,60.14,71.86,67.54,76.11,0.271,0.2036,0.1858,0.222,0.1563,0.1267,0.2136,1.8069,-1.0014
PAIRWISE_E22_VA L_TO_CLEV_RandomForest,VA Long Beach,Cleveland,RandomForest,age_group,>=65,41,20,21,48.78,True,Valid,72.86,55.0,86.67,74.05,0.5122,90.0,14.29,50.0,64.29,56.0,70.37,0.0655,0.2486,0.2144,0.2872,0.2217,0.1807,0.3332,1.341,-1.0556
PAIRWISE_E23_VA L_TO_CLEV_SVM,VA Long Beach,Cleveland,SVM,sex,0,97,25,72,25.77,True,Valid,74.22,63.66,84.89,55.89,0.2577,100.0,0.0,25.77,40.98,40.98,40.98,0.0,0.3854,0.3761,0.394,0.458,0.4469,0.4705,5.2483,-6.0815
PAIRWISE_E23_VA L_TO_CLEV_SVM,VA Long Beach,Cleveland,SVM,sex,1,206,114,92,55.34,True,Valid,69.42,61.69,76.59,74.41,0.5728,92.11,14.13,57.07,70.47,67.57,73.29,0.1004,0.2397,0.2234,0.2565,0.1386,0.1178,0.1928,1.1111,-0.5998
PAIRWISE_E23_VA L_TO_CLEV_SVM,VA Long Beach,Cleveland,SVM,age_group,<50,87,26,61,29.89,True,Valid,47.23,33.16,62.99,38.72,0.2989,80.77,8.2,27.27,40.78,33.99,46.3,-0.1584,0.3462,0.3214,0.3727,0.3656,0.3284,0.4317,-0.2835,-0.6861
PAIRWISE_E23_VA L_TO_CLEV_SVM,VA Long Beach,Cleveland,SVM,age_group,50-64,175,93,82,53.14,True,Valid,72.67,64.28,80.25,75.09,0.5486,95.7,8.54,54.27,69.26,66.41,71.54,0.0871,0.2574,0.241,0.2736,0.195,0.1721,0.2552,1.4077,-1.1445
PAIRWISE_E23_VA L_TO_CLEV_SVM,VA Long Beach,Cleveland,SVM,age_group,>=65,41,20,21,48.78,True,Valid,65.0,45.23,81.43,76.94,0.5122,100.0,4.76,50.0,66.67,65.57,68.97,0.1543,0.2828,0.2609,0.3056,0.3041,0.2408,0.3741,1.0321,-0.8751
PAIRWISE_E24_VA L_TO_CLEV_XGBoost,VA Long Beach,Cleveland,XGBoost,sex,0,97,25,72,25.77,True,Valid,87.83,78.11,95.72,78.05,0.701,88.0,63.89,45.83,60.27,51.95,69.7,0.4539,0.1887,0.1532,0.2256,0.26,0.2282,0.3112,1.7,-1.906
PAIRWISE_E24_VA L_TO_CLEV_XGBoost,VA Long Beach,Cleveland,XGBoost,sex,1,206,114,92,55.34,True,Valid,81.15,74.83,86.42,85.04,0.7379,78.95,67.39,75.0,76.92,71.36,82.01,0.4671,0.1775,0.1535,0.2047,0.0842,0.069,0.1536,1.0781,-0.1544
PAIRWISE_E24_VA L_TO_CLEV_XGBoost,VA Long Beach,Cleveland,XGBoost,age_group,<50,87,26,61,29.89,True,Valid,83.67,74.52,91.37,70.27,0.7701,57.69,85.25,62.5,60.0,44.0,75.0,0.4398,0.1538,0.1205,0.1876,0.1009,0.0902,0.1863,1.3338,-0.3932
PAIRWISE_E24_VA L_TO_CLEV_XGBoost,VA Long Beach,Cleveland,XGBoost,age_group,50-64,175,93,82,53.14,True,Valid,81.88,75.06,87.84,85.69,0.72,86.02,56.1,68.97,76.56,71.36,81.59,0.4446,0.1866,0.1598,0.2152,0.1137,0.1028,0.177,1.186,-0.596
PAIRWISE_E24_VA L_TO_CLEV_XGBoost,VA Long Beach,Cleveland,XGBoost,age_group,>=65,41,20,21,48.78,True,Valid,78.81,62.38,91.9,79.75,0.6585,85.0,47.62,60.71,70.83,59.09,80.85,0.3504,0.2154,0.1675,0.2728,0.1623,0.1356,0.2899,1.1928,-0.918
PAIRWISE_E2_CLEV_TO_HUNG_RandomForest,Cleveland,Hungarian,RandomForest,sex,0,80,12,68,15.0,True,Valid,78.31,60.78,91.91,40.36,0.85,50.0,91.18,50.0,50.0,26.06,72.0,0.4118,0.1281,0.0876,0.1743,0.1278,0.0978,0.2119,0.6592,-1.16
PAIRWISE_E2_CLEV_TO_HUNG_RandomForest,Cleveland,Hungarian,RandomForest,sex,1,213,94,119,44.13,True,Valid,88.11,82.82,92.62,86.12,0.7981,79.79,79.83,75.76,77.72,71.2,83.67,0.5935,0.1413,0.1179,0.1681,0.0977,0.0791,0.1483,1.2268,-0.4531
PAIRWISE_E2_CLEV_TO_HUNG_RandomForest,Cleveland,Hungarian,RandomForest,age_group,<50,160,52,108,32.5,True,Valid,87.46,80.46,93.59,82.69,0.825,69.23,88.89,75.0,72.0,61.89,81.9,0.594,0.1265,0.0984,0.1572,0.1215,0.092,0.1756,1.1722,-0.3459
PAIRWISE_E2_CLEV_TO_HUNG_RandomForest,Cleveland,Hungarian,RandomForest,age_group,50-64,129,50,79,38.76,True,Valid,86.89,80.02,92.61,81.26,0.7907,82.0,77.22,69.49,75.23,66.65,82.57,0.5791,0.1557,0.1222,0.1909,0.1134,0.0924,0.175,1.0242,-0.7606
PAIRWISE_E2_CLEV_TO_HUNG_RandomForest,Cleveland,Hungarian,RandomForest,age_group,>=65,4,4,0,100.0,False,Small cell (N=4 < 30),,NA,NA,,1.0,100.0,,100.0,100.0,NA,NA,,0.0058,NA,NA,0.0736,NA,NA,,
PAIRWISE_E3_CLEV_TO_HUNG_SVM,Cleveland,Hungarian,SVM,sex,0,80,12,68,15.0,True,Valid,82.72,69.11,94.36,52.76,0.8625,58.33,91.18,53.85,56.0,34.45,76.92,0.4792,0.1164,0.0763,0.1587,0.1275,0.0958,0.2026,0.8419,-1.0489
PAIRWISE_E3_CLEV_TO_HUNG_SVM,Cleveland,Hungarian,SVM,sex,1,213,94,119,44.13,True,Valid,86.5,81.18,91.16,84.65,0.7559,78.72,73.11,69.81,74.0,67.63,80.0,0.5147,0.1508,0.1255,0.1788,0.0869,0.0753,0.1463,1.1857,-0.4557
PAIRWISE_E3_CLEV_TO_HUNG_SVM,Cleveland,Hungarian,SVM,age_group,<50,160,52,108,32.5,True,Valid,87.04,80.32,92.82,81.91,0.8125,69.23,87.04,72.0,70.59,60.41,80.39,0.5686,0.1295,0.1012,0.1591,0.0922,0.0677,0.1454,1.2707,-0.2758
PAIRWISE_E3_CLEV_TO_HUNG_SVM,Cleveland,Hungarian,SVM,age_group,50-64,129,50,79,38.76,True,Valid,86.89,80.07,92.53,81.47,0.7442,82.0,69.62,63.08,71.3,63.25,78.63,0.503,0.1601,0.1242,0.1977,0.1233,0.1042,0.196,1.045,-0.798
PAIRWISE_E3_CLEV_TO_HUNG_SVM,Cleveland,Hungarian,SVM,age_group,>=65,4,4,0,100.0,False,Small cell (N=4 < 30),,NA,NA,,1.0,100.0,,100.0,100.0,NA,NA,,0.0147,NA,NA,0.1173,NA,NA,,
PAIRWISE_E4_CLEV_TO_HUNG_XGBoost,Cleveland,Hungarian,XGBoost,sex,0,80,12,68,15.0,True,Valid,80.39,64.34,92.41,41.87,0.8625,50.0,92.65,54.55,52.17,26.67,72.76,0.4422,0.1212,0.076,0.1734,0.1164,0.0765,0.1981,0.5923,-0.9898
PAIRWISE_E4_CLEV_TO_HUNG_XGBoost,Cleveland,Hungarian,XGBoost,sex,1,213,94,119,44.13,True,Valid,87.54,82.29,92.1,84.74,0.784,79.79,77.31,73.53,76.53,70.0,82.72,0.5675,0.1472,0.1213,0.1763,0.0941,0.075,0.143,1.0444,-0.57
PAIRWISE_E4_CLEV_TO_HUNG_XGBoost,Cleveland,Hungarian,XGBoost,age_group,<50,160,52,108,32.5,True,Valid,88.12,81.27,94.03,83.93,0.8375,71.15,89.81,77.08,74.0,64.0,83.33,0.6231,0.122,0.0908,0.1558,0.0619,0.054,0.1267,0.9968,-0.3374
PAIRWISE_E4_CLEV_TO_HUNG_XGBoost,Cleveland,Hungarian,XGBoost,age_group,50-64,129,50,79,38.76,True,Valid,85.87,79.03,91.82,78.59,0.7597,80.0,73.42,65.57,72.07,63.16,79.61,0.5213,0.1668,0.1287,0.2066,0.1216,0.1033,0.1945,0.8839,-0.8121
PAIRWISE_E4_CLEV_TO_HUNG_XGBoost,Cleveland,Hungarian,XGBoost,age_group,>=65,4,4,0,100.0,False,Small cell (N=4 < 30),,NA,NA,,1.0,100.0,,100.0,100.0,NA,NA,,0.0033,NA,NA,0.0567,NA,NA,,
PAIRWISE_E5_CLEV_TO_ZURI_LogisticRegression,Cleveland,Zurich,LogisticRegression,sex,0,10,10,0,100.0,False,Small cell (N=10 < 30),,NA,NA,,0.3,30.0,,100.0,46.15,NA,NA,,0.448,NA,NA,0.6131,NA,NA,,
PAIRWISE_E5_CLEV_TO_ZURI_LogisticRegression,Cleveland,Zurich,LogisticRegression,sex,1,113,105,8,92.92,True,Valid,75.0,57.02,90.71,97.43,0.8053,82.86,50.0,95.6,88.78,84.04,93.07,0.2128,0.1386,0.1038,0.1769,0.214,0.1741,0.2612,0.6398,2.1658
PAIRWISE_E5_CLEV_TO_ZURI_LogisticRegression,Cleveland,Zurich,LogisticRegression,age_group,<50,25,23,2,92.0,False,Small cell (N=25 < 30),,NA,NA,,0.64,60.87,100.0,100.0,75.68,NA,NA,,0.2519,NA,NA,0.3964,NA,NA,,
PAIRWISE_E5_CLEV_TO_ZURI_LogisticRegression,Cleveland,Zurich,LogisticRegression,age_group,50-64,82,78,4,95.12,True,Valid,76.92,58.33,92.95,98.58,0.8049,82.05,50.0,96.97,88.89,83.45,93.96,0.1742,0.1349,0.0951,0.1775,0.228,0.1791,0.2807,0.5346,2.5649
PAIRWISE_E5_CLEV_TO_ZURI_LogisticRegression,Cleveland,Zurich,LogisticRegression,age_group,>=65,16,14,2,87.5,False,Small cell (N=16 < 30),,NA,NA,,0.75,85.71,0.0,85.71,85.71,NA,NA,,0.1743,NA,NA,0.222,NA,NA,,
PAIRWISE_E6_CLEV_TO_ZURI_RandomForest,Cleveland,Zurich,RandomForest,sex,0,10,10,0,100.0,False,Small cell (N=10 < 30),,NA,NA,,0.4,40.0,,100.0,57.14,NA,NA,,0.3226,NA,NA,0.5086,NA,NA,,
PAIRWISE_E6_CLEV_TO_ZURI_RandomForest,Cleveland,Zurich,RandomForest,sex,1,113,105,8,92.92,True,Valid,83.57,68.45,95.84,98.44,0.7611,77.14,62.5,96.43,85.71,80.0,90.72,0.2328,0.1492,0.1254,0.1758,0.2918,0.2549,0.3311,1.954,2.4033
PAIRWISE_E6_CLEV_TO_ZURI_RandomForest,Cleveland,Zurich,RandomForest,age_group,<50,25,23,2,92.0,False,Small cell (N=25 < 30),,NA,NA,,0.6,56.52,100.0,100.0,72.22,NA,NA,,0.189,NA,NA,0.3616,NA,NA,,
PAIRWISE_E6_CLEV_TO_ZURI_RandomForest,Cleveland,Zurich,RandomForest,age_group,50-64,82,78,4,95.12,True,Valid,82.37,57.36,98.4,98.81,0.7805,78.21,75.0,98.39,87.14,81.2,92.62,0.2669,0.148,0.1182,0.179,0.2919,0.2521,0.3361,1.8038,2.7004
PAIRWISE_E6_CLEV_TO_ZURI_RandomForest,Cleveland,Zurich,RandomForest,age_group,>=65,16,14,2,87.5,False,Small cell (N=16 < 30),,NA,NA,,0.6875,78.57,0.0,84.62,81.48,NA,NA,,0.2014,NA,NA,0.2631,NA,NA,,
PAIRWISE_E7_CLEV_TO_ZURI_SVM,Cleveland,Zurich,SVM,sex,0,10,10,0,100.0,False,Small cell (N=10 < 30),,NA,NA,,0.5,50.0,,100.0,66.67,NA,NA,,0.3948,NA,NA,0.5823,NA,NA,,
PAIRWISE_E7_CLEV_TO_ZURI_SVM,Cleveland,Zurich,SVM,sex,1,113,105,8,92.92,True,Valid,81.79,66.89,94.17,98.26,0.7788,79.05,62.5,96.51,86.91,81.52,91.37,0.2499,0.1429,0.1163,0.1735,0.2635,0.2286,0.3033,1.3723,2.209
PAIRWISE_E7_CLEV_TO_ZURI_SVM,Cleveland,Zurich,SVM,age_group,<50,25,23,2,92.0,False,Small cell (N=25 < 30),,NA,NA,,0.64,60.87,100.0,100.0,75.68,NA,NA,,0.1965,NA,NA,0.3477,NA,NA,,
PAIRWISE_E7_CLEV_TO_ZURI_SVM,Cleveland,Zurich,SVM,age_group,50-64,82,78,4,95.12,True,Valid,81.41,65.38,94.55,98.92,0.8171,83.33,50.0,97.01,89.66,84.06,94.13,0.1857,0.1474,0.1121,0.1841,0.283,0.239,0.3245,1.0362,2.6233
PAIRWISE_E7_CLEV_TO_ZURI_SVM,Cleveland,Zurich,SVM,age_group,>=65,16,14,2,87.5,False,Small cell (N=16 < 30),,NA,NA,,0.625,64.29,50.0,90.0,75.0,NA,NA,,0.1933,NA,NA,0.2767,NA,NA,,
PAIRWISE_E8_CLEV_TO_ZURI_XGBoost,Cleveland,Zurich,XGBoost,sex,0,10,10,0,100.0,False,Small cell (N=10 < 30),,NA,NA,,0.4,40.0,,100.0,57.14,NA,NA,,0.3717,NA,NA,0.5461,NA,NA,,
PAIRWISE_E8_CLEV_TO_ZURI_XGBoost,Cleveland,Zurich,XGBoost,sex,1,113,105,8,92.92,True,Valid,78.93,62.74,92.62,97.99,0.7965,80.95,62.5,96.59,88.08,83.06,92.46,0.2685,0.1363,0.1104,0.1638,0.2462,0.2129,0.2887,1.1754,2.1845
PAIRWISE_E8_CLEV_TO_ZURI_XGBoost,Cleveland,Zurich,XGBoost,age_group,<50,25,23,2,92.0,False,Small cell (N=25 < 30),,NA,NA,,0.68,65.22,100.0,100.0,78.95,NA,NA,,0.1942,NA,NA,0.3559,NA,NA,,
PAIRWISE_E8_CLEV_TO_ZURI_XGBoost,Cleveland,Zurich,XGBoost,age_group,50-64,82,78,4,95.12,True,Valid,81.41,58.32,97.44,98.79,0.8293,83.33,75.0,98.48,90.28,84.89,94.74,0.3171,0.1299,0.0982,0.165,0.2502,0.2093,0.2949,1.0477,2.4836
PAIRWISE_E8_CLEV_TO_ZURI_XGBoost,Cleveland,Zurich,XGBoost,age_group,>=65,16,14,2,87.5,False,Small cell (N=16 < 30),,NA,NA,,0.5625,64.29,0.0,81.82,72.0,NA,NA,,0.2259,NA,NA,0.368,NA,NA,,
PAIRWISE_E9_CLEV_TO_VA L_LogisticRegression,Cleveland,VA Long Beach,LogisticRegression,sex,0,6,3,3,50.0,False,Small cell (N=6 < 30),,NA,NA,,0.8333,66.67,100.0,100.0,80.0,NA,NA,,0.1857,NA,NA,0.283,NA,NA,,
PAIRWISE_E9_CLEV_TO_VA L_LogisticRegression,Cleveland,VA Long Beach,LogisticRegression,sex,1,193,145,48,75.13,True,Valid,75.22,67.58,82.61,89.2,0.7876,92.41,37.5,81.71,86.73,83.7,89.54,0.3619,0.1592,0.1333,0.186,0.075,0.053,0.1353,0.6715,0.1992
PAIRWISE_E9_CLEV_TO_VA L_LogisticRegression,Cleveland,VA Long Beach,LogisticRegression,age_group,<50,19,10,9,52.63,False,Small cell (N=19 < 30),,NA,NA,,0.6316,70.0,55.56,63.64,66.67,NA,NA,,0.2571,NA,NA,0.2792,NA,NA,,
PAIRWISE_E9_CLEV_TO_VA L_LogisticRegression,Cleveland,VA Long Beach,LogisticRegression,age_group,50-64,138,104,34,75.36,True,Valid,74.82,65.68,83.6,89.82,0.7971,93.27,38.24,82.2,87.39,84.16,90.5,0.3856,0.1558,0.1254,0.1851,0.0518,0.0494,0.1363,0.691,0.1685
PAIRWISE_E9_CLEV_TO_VA L_LogisticRegression,Cleveland,VA Long Beach,LogisticRegression,age_group,>=65,42,34,8,80.95,True,Valid,76.1,53.68,94.49,90.45,0.8333,94.12,37.5,86.49,90.14,84.51,95.65,0.3834,0.13,0.0772,0.1855,0.1196,0.0871,0.225,0.6477,0.4777
