experiment_id,train_dataset,test_dataset,model,auc_change,pr_auc_change,brier_change,sensitivity_change,specificity_change,mcc_change,external_calibration_slope,external_calibration_intercept,external_ece,spearman_rank_correlation,kendall_rank_correlation,top3_overlap,top5_overlap,mean_abs_delta_shap
PAIRWISE_E1_CLEV_TO_HUNG_LogisticRegression,Cleveland,Hungarian,LogisticRegression,0.17,-4.04,-0.0093,1.09,-0.57,-0.0109,0.8905,-0.3641,0.0608,0.9879,0.9556,0.5,1.0,0.022779
PAIRWISE_E2_CLEV_TO_HUNG_RandomForest,Cleveland,Hungarian,RandomForest,0.93,-4.41,-0.011,2.35,4.03,0.0538,1.087,-0.5458,0.0963,0.9879,0.9556,1.0,1.0,0.002859
PAIRWISE_E3_CLEV_TO_HUNG_SVM,Cleveland,Hungarian,SVM,0.26,-5.78,-0.0027,0.15,-3.92,-0.0573,1.1266,-0.5368,0.0862,0.9273,0.8222,0.5,1.0,0.005305
PAIRWISE_E4_CLEV_TO_HUNG_XGBoost,Cleveland,Hungarian,XGBoost,1.47,-3.89,-0.0143,1.63,5.37,0.0567,0.9244,-0.5736,0.0772,0.9879,0.9556,1.0,1.0,0.019038
PAIRWISE_E5_CLEV_TO_ZURI_LogisticRegression,Cleveland,Zurich,LogisticRegression,-14.85,10.4,0.0189,1.99,-32.39,-0.4281,0.4806,2.4042,0.2464,0.9152,0.8222,0.5,1.0,0.056459
PAIRWISE_E6_CLEV_TO_ZURI_RandomForest,Cleveland,Zurich,RandomForest,-5.39,11.75,0.0146,-0.16,-17.43,-0.3452,1.5073,2.5693,0.3023,0.9879,0.9556,1.0,1.0,0.007318
PAIRWISE_E7_CLEV_TO_ZURI_SVM,Cleveland,Zurich,SVM,-8.53,10.82,0.0193,0.25,-21.1,-0.3868,0.9928,2.4317,0.2894,0.7939,0.6444,0.2,1.0,0.012134
PAIRWISE_E8_CLEV_TO_ZURI_XGBoost,Cleveland,Zurich,XGBoost,-9.61,12.71,0.0011,2.6,-15.02,-0.3021,0.9294,2.4146,0.2706,0.8788,0.7778,0.5,0.6667,0.061057
PAIRWISE_E9_CLEV_TO_VA L_LogisticRegression,Cleveland,VA Long Beach,LogisticRegression,-11.11,2.14,0.0151,15.62,-41.21,-0.2041,0.6664,0.2207,0.0737,0.9273,0.8222,0.5,1.0,0.056701
PAIRWISE_E10_CLEV_TO_VA L_RandomForest,Cleveland,VA Long Beach,RandomForest,-11.46,2.35,0.0157,15.79,-36.79,-0.1739,0.7605,0.4646,0.0926,0.9515,0.8667,0.5,0.6667,0.006739
PAIRWISE_E11_CLEV_TO_VA L_SVM,Cleveland,VA Long Beach,SVM,-14.07,-0.73,0.0267,13.59,-44.38,-0.2726,0.6708,0.4216,0.0841,0.903,0.7778,0.5,1.0,0.011184
PAIRWISE_E12_CLEV_TO_VA L_XGBoost,Cleveland,VA Long Beach,XGBoost,-10.49,3.15,0.005,17.1,-40.27,-0.1778,0.6941,0.3137,0.0616,0.8303,0.7333,0.5,0.6667,0.049464
PAIRWISE_E13_HUNG_TO_CLEV_LogisticRegression,Hungarian,Cleveland,LogisticRegression,-6.37,-3.64,0.0497,-3.69,-3.75,-0.0884,0.6399,0.2454,0.0834,0.9515,0.8667,0.5,1.0,0.091264
PAIRWISE_E14_HUNG_TO_CLEV_RandomForest,Hungarian,Cleveland,RandomForest,-2.5,1.15,0.0281,-4.04,3.52,-0.0074,1.418,0.5939,0.0775,0.9394,0.8222,1.0,0.6667,0.005723
PAIRWISE_E15_HUNG_TO_CLEV_SVM,Hungarian,Cleveland,SVM,-6.09,-3.22,0.0483,-6.87,0.06,-0.0752,1.315,0.5045,0.0928,0.7818,0.5556,0.5,1.0,0.013989
PAIRWISE_E16_HUNG_TO_CLEV_XGBoost,Hungarian,Cleveland,XGBoost,-5.24,-2.99,0.033,-3.74,-3.25,-0.0866,0.983,0.2703,0.0548,0.9394,0.8222,1.0,0.6667,0.056214
PAIRWISE_E17_ZURI_TO_CLEV_LogisticRegression,Zurich,Cleveland,LogisticRegression,5.17,-35.8,0.3193,1.47,4.27,0.0653,0.4309,-1.193,0.4049,0.9152,0.8222,0.5,1.0,0.085864
PAIRWISE_E18_ZURI_TO_CLEV_RandomForest,Zurich,Cleveland,RandomForest,19.83,-23.47,0.2756,0.0,0.0,0.0,0.9064,-2.0703,0.3816,0.903,0.7778,1.0,0.6667,0.007634
PAIRWISE_E19_ZURI_TO_CLEV_SVM,Zurich,Cleveland,SVM,23.84,-27.11,0.3772,0.0,0.0,0.0,2.1977,-5.5325,0.4541,0.5636,0.5111,0.5,0.6667,0.00205
PAIRWISE_E20_ZURI_TO_CLEV_XGBoost,Zurich,Cleveland,XGBoost,22.27,-22.45,0.2478,0.15,7.93,0.1798,0.9667,-2.2254,0.3583,0.9636,0.8667,0.5,0.6667,0.039041
PAIRWISE_E21_VA L_TO_CLEV_LogisticRegression,VA Long Beach,Cleveland,LogisticRegression,14.07,-2.34,-0.0178,-17.16,50.68,0.279,1.2099,0.1092,0.044,0.7455,0.6444,0.5,0.6667,0.090155
PAIRWISE_E22_VA L_TO_CLEV_RandomForest,VA Long Beach,Cleveland,RandomForest,12.58,-4.78,0.026,-9.66,27.5,0.1199,1.7077,-0.9334,0.1572,0.8667,0.6889,0.2,1.0,0.008252
PAIRWISE_E23_VA L_TO_CLEV_SVM,VA Long Beach,Cleveland,SVM,2.99,-14.38,0.1055,-4.47,2.11,-0.0794,1.0479,-1.0209,0.2408,0.8788,0.7333,1.0,0.6667,0.00679
PAIRWISE_E24_VA L_TO_CLEV_XGBoost,VA Long Beach,Cleveland,XGBoost,16.67,-2.08,-0.0054,-8.55,42.58,0.3047,1.184,-0.5991,0.1105,0.9273,0.7778,1.0,0.6667,0.039823
